,title,mean rating,number of ratings
0,"Yards, The (2000)",3.4,5
1,Next Friday (2000),3.25,6
2,Supernova (2000),2.0,4
3,Down to You (2000),2.0,4
4,Scream 3 (2000),2.67,29
5,"Boondock Saints, The (2000)",4.22,43
6,Gun Shy (2000),1.0,1
7,"Beach, The (2000)",3.06,32
8,Snow Day (2000),2.3,5
9,"Tigger Movie, The (2000)",3.17,3
10,Boiler Room (2000),3.71,21
11,Hanging Up (2000),2.67,3
12,Pitch Black (2000),3.56,39
13,"Whole Nine Yards, The (2000)",3.52,42
14,Black Tar Heroin: The Dark End of the Street (2000),5.0,1
15,Reindeer Games (2000),2.46,13
16,Wonder Boys (2000),3.66,22
17,Chain of Fools (2000),4.0,1
18,Drowning Mona (2000),1.33,3
19,"Next Best Thing, The (2000)",2.17,3
20,What Planet Are You From? (2000),3.17,3
21,"Closer You Get, The (2000)",4.5,1
22,Mission to Mars (2000),2.69,21
23,Erin Brockovich (2000),3.53,70
24,Final Destination (2000),2.93,35
25,Romeo Must Die (2000),3.08,18
26,Here on Earth (2000),3.0,2
27,Whatever It Takes (2000),2.25,2
28,High Fidelity (2000),3.67,75
29,"Road to El Dorado, The (2000)",3.12,13
30,"Skulls, The (2000)",2.75,10
31,Frequency (2000),3.42,36
32,Ready to Rumble (2000),2.25,6
33,Return to Me (2000),3.56,8
34,Rules of Engagement (2000),3.07,7
35,Joe Gould's Secret (2000),3.0,1
36,Me Myself I (2000),3.61,9
37,28 Days (2000),3.3,25
38,American Psycho (2000),3.79,59
39,Keeping the Faith (2000),3.45,21
40,Where the Money Is (2000),3.33,3
41,"Filth and the Fury, The (2000)",3.25,2
42,Gossip (2000),2.4,5
43,Love and Basketball (2000),3.0,3
44,U-571 (2000),3.42,33
45,"Crow: Salvation, The (2000)",2.5,3
46,"Flintstones in Viva Rock Vegas, The (2000)",1.62,12
47,Where the Heart Is (2000),3.5,7
48,"Big Kahuna, The (2000)",2.88,8
49,Bossa Nova (2000),5.0,1
50,Time Code (2000),3.0,2
51,Gladiator (2000),3.94,170
52,Up at the Villa (2000),3.5,2
53,Battlefield Earth (2000),1.66,19
54,Center Stage (2000),3.25,6
55,Screwed (2000),1.0,1
56,Whipped (2000),2.0,2
57,Hamlet (2000),3.0,3
58,Dinosaur (2000),3.11,14
59,Loser (2000),3.3,10
60,Road Trip (2000),3.09,41
61,Small Time Crooks (2000),3.54,12
62,Mission: Impossible II (2000),2.71,77
63,Shanghai Noon (2000),3.15,43
64,Big Momma's House (2000),2.18,17
65,Gone in 60 Seconds (2000),3.22,61
66,Love's Labour's Lost (2000),3.0,2
67,Boys and Girls (2000),2.0,3
68,Shaft (2000),2.66,19
69,Titan A.E. (2000),3.41,29
70,Chicken Run (2000),3.55,78
71,"Me, Myself & Irene (2000)",3.09,46
72,"Patriot, The (2000)",3.45,68
73,"Adventures of Rocky and Bullwinkle, The (2000)",2.22,9
74,"Perfect Storm, The (2000)",3.17,44
75,"Golden Bowl, The (2000)",4.0,1
76,"Kid, The (2000)",2.59,11
77,Scary Movie (2000),2.92,50
78,Groove (2000),4.0,2
79,X-Men (2000),3.7,133
80,Chuck & Buck (2000),2.5,2
81,"In Crowd, The (2000)",2.67,3
82,What Lies Beneath (2000),3.2,25
83,Pokémon the Movie 2000 (2000),1.58,6
84,Nutty Professor II: The Klumps (2000),2.28,16
85,Autumn in New York (2000),2.41,11
86,Coyote Ugly (2000),2.74,29
87,Hollow Man (2000),2.29,39
88,Space Cowboys (2000),2.89,23
89,Psycho Beach Party (2000),1.5,2
90,Saving Grace (2000),3.91,11
91,I'm the One That I Want (2000),5.0,1
92,"Tao of Steve, The (2000)",3.38,13
93,Bless the Child (2000),4.0,1
94,Cecil B. DeMented (2000),3.5,5
95,"Eyes of Tammy Faye, The (2000)",3.75,2
96,"Replacements, The (2000)",2.68,19
97,About Adam (2000),3.75,2
98,"Cell, The (2000)",3.04,45
99,"Original Kings of Comedy, The (2000)",3.25,4
100,"Art of War, The (2000)",2.0,2
101,Bring It On (2000),2.69,34
102,"Crew, The (2000)",1.5,3
103,Skipped Parts (2000),4.0,1
104,Highlander: Endgame (Highlander IV) (2000),2.25,6
105,Nurse Betty (2000),3.34,19
106,"Watcher, The (2000)",1.5,1
107,"Way of the Gun, The (2000)",3.12,8
108,Almost Famous (2000),3.87,83
109,Bait (2000),2.5,2
110,Circus (2000),1.0,1
111,Crime and Punishment in Suburbia (2000),4.0,1
112,Duets (2000),3.25,2
113,Under Suspicion (2000),2.5,2
114,Urban Legends: Final Cut (2000),1.5,3
115,Woman on Top (2000),2.0,4
116,Dancer in the Dark (2000),3.98,20
117,Best in Show (2000),3.69,53
118,Beautiful (2000),2.5,2
119,"Broken Hearts Club, The (2000)",4.0,1
120,Girlfight (2000),3.67,6
121,Remember the Titans (2000),3.74,41
122,Bamboozled (2000),2.94,8
123,Digimon: The Movie (2000),3.0,1
124,Get Carter (2000),2.5,5
125,Meet the Parents (2000),3.42,91
126,Requiem for a Dream (2000),3.92,96
127,Tigerland (2000),3.56,8
128,Two Family House (2000),5.0,1
129,"Contender, The (2000)",3.07,7
130,Dr. T and the Women (2000),2.12,4
131,"Ladies Man, The (2000)",1.58,6
132,Billy Elliot (2000),3.85,37
133,Bedazzled (2000),3.07,27
134,Pay It Forward (2000),3.44,26
135,Book of Shadows: Blair Witch 2 (2000),1.12,4
136,"Little Vampire, The (2000)",3.0,1
137,Charlie's Angels (2000),2.72,72
138,"Legend of Bagger Vance, The (2000)",3.07,15
139,Little Nicky (2000),2.5,24
140,Men of Honor (2000),3.39,14
141,Red Planet (2000),2.35,13
142,You Can Count on Me (2000),4.17,9
143,"6th Day, The (2000)",2.8,20
144,Bounce (2000),2.42,6
145,How the Grinch Stole Christmas (a.k.a. The Grinch) (2000),3.05,33
146,Rugrats in Paris: The Movie (2000),2.25,4
147,102 Dalmatians (2000),2.78,9
148,Malèna (2000),3.7,5
149,Quills (2000),3.0,6
150,Unbreakable (2000),3.48,73
151,"Crouching Tiger, Hidden Dragon (Wo hu cang long) (2000)",3.84,110
152,Dungeons & Dragons (2000),1.83,12
153,Proof of Life (2000),3.04,12
154,Vertical Limit (2000),2.61,14
155,Snatch (2000),4.16,93
156,Chocolat (2000),3.52,47
157,"Dude, Where's My Car? (2000)",2.73,33
158,"Emperor's New Groove, The (2000)",3.72,37
159,Pollock (2000),3.54,14
160,What Women Want (2000),3.14,54
161,Finding Forrester (2000),3.71,28
162,"Gift, The (2000)",2.92,13
163,Before Night Falls (2000),4.3,5
164,Cast Away (2000),3.7,100
165,"Family Man, The (2000)",3.13,23
166,"House of Mirth, The (2000)",2.17,3
167,Miss Congeniality (2000),3.05,64
168,"O Brother, Where Art Thou? (2000)",3.81,94
169,State and Main (2000),3.88,12
170,Dracula 2000 (2000),1.8,5
171,All the Pretty Horses (2000),2.5,2
172,"Everlasting Piece, An (2000)",4.0,1
173,Thirteen Days (2000),3.92,13
174,Traffic (2000),3.9,70
175,"Claim, The (2000)",2.83,3
176,Shadow of the Vampire (2000),3.14,11
177,Antitrust (2001),3.56,8
178,Double Take (2001),2.5,2
179,Save the Last Dance (2001),2.84,16
180,Panic (2000),4.0,2
181,"Pledge, The (2001)",3.29,7
182,Sugar & Spice (2001),2.71,7
183,"Wedding Planner, The (2001)",2.91,22
184,"With a Friend Like Harry... (Harry, un ami qui vous veut du bien) (2000)",4.5,2
185,Head Over Heels (2001),2.5,4
186,Left Behind: The Movie (2000),4.25,2
187,Valentine (2001),3.5,1
188,In the Mood For Love (Fa yeung nin wa) (2000),4.21,14
189,"Million Dollar Hotel, The (2001)",3.0,3
190,Nico and Dani (Krámpack) (2000),4.0,2
191,Hannibal (2001),2.94,39
192,Saving Silverman (Evil Woman) (2001),2.77,11
193,Vatel (2000),4.25,2
194,Down to Earth (2001),2.42,12
195,Recess: School's Out (2001),4.0,2
196,Sweet November (2001),3.31,8
197,Company Man (2000),2.0,1
198,"Price of Milk, The (2000)",4.5,1
199,Monkeybone (2001),2.08,6
200,3000 Miles to Graceland (2001),2.71,7
201,"Widow of St. Pierre, The (Veuve de Saint-Pierre, La) (2000)",4.12,4
202,"Mexican, The (2001)",3.35,23
203,"Caveman's Valentine, The (2001)",3.5,2
204,Series 7: The Contenders (2001),2.5,2
205,15 Minutes (2001),3.0,10
206,Get Over It (2001),2.75,4
207,Long Night's Journey Into Day (2000),4.0,1
208,Enemy at the Gates (2001),3.51,40
209,Exit Wounds (2001),2.75,2
210,"Dish, The (2001)",4.0,7
211,Memento (2000),4.12,159
212,Heartbreakers (2001),2.15,10
213,Say It Isn't So (2001),2.12,4
214,Someone Like You (2001),3.5,5
215,Spy Kids (2001),2.95,28
216,Tomcats (2001),2.0,6
217,"Tailor of Panama, The (2001)",3.2,5
218,Amores Perros (Love's a Bitch) (2000),3.93,23
219,Keep the River on Your Right: A Modern Cannibal Tale (2000),3.5,1
220,"Gleaners & I, The (Les glaneurs et la glaneuse) (2000)",4.0,1
221,Along Came a Spider (2001),3.15,17
222,Blow (2001),3.81,51
223,Just Visiting (2001),2.0,1
224,Pokémon 3: The Movie (2001),2.1,5
225,Beautiful Creatures (2000),2.0,1
226,Brigham City (2001),4.0,1
227,Bridget Jones's Diary (2001),3.62,65
228,Joe Dirt (2001),2.38,21
229,Josie and the Pussycats (2001),1.75,6
230,Chopper (2000),2.0,1
231,"Circle, The (Dayereh) (2000)",3.25,2
232,Crocodile Dundee in Los Angeles (2001),2.19,13
233,Freddy Got Fingered (2001),2.2,10
234,"Center of the World, The (2001)",3.67,3
235,"Luzhin Defence, The (2000)",3.5,4
236,"Visit, The (2000)",2.0,1
237,Driven (2001),3.0,5
238,One Night at McCool's (2001),3.4,5
239,Town & Country (2001),2.5,2
240,"Mummy Returns, The (2001)",3.09,45
241,Under the Sand (2000),4.5,2
242,"Knight's Tale, A (2001)",3.34,41
243,Bread and Roses (2000),4.0,3
244,Startup.com (2001),3.6,5
245,Angel Eyes (2001),1.62,4
246,Shrek (2001),3.87,170
247,"Fast Food, Fast Women (2000)",4.5,1
248,Moulin Rouge (2001),3.59,55
249,Pearl Harbor (2001),2.97,43
250,"Man Who Cried, The (2000)",3.5,2
251,Yi Yi (2000),4.6,5
252,"Animal, The (2001)",2.14,11
253,Big Eden (2000),4.5,1
254,Evolution (2001),3.04,27
255,Swordfish (2001),3.1,34
256,"Anniversary Party, The (2001)",4.0,3
257,Divided We Fall (Musíme si pomáhat) (2000),3.83,3
258,Atlantis: The Lost Empire (2001),3.34,19
259,Lara Croft: Tomb Raider (2001),2.9,40
260,Dr. Dolittle 2 (2001),2.36,11
261,"Fast and the Furious, The (2001)",3.07,45
262,A.I. Artificial Intelligence (2001),3.34,56
263,Baby Boy (2001),0.5,1
264,Crazy/Beautiful (2001),3.4,5
265,Pootie Tang (2001),3.17,3
266,Sexy Beast (2000),3.71,14
267,"Princess and the Warrior, The (Krieger und die Kaiserin, Der) (2000)",3.86,7
268,"Closet, The (Placard, Le) (2001)",3.38,4
269,"Crimson Rivers, The (Rivières pourpres, Les) (2000)",3.5,5
270,Lumumba (2000),3.0,1
271,Cats & Dogs (2001),2.82,11
272,Kiss of the Dragon (2001),3.78,9
273,Scary Movie 2 (2001),2.65,26
274,Lost and Delirious (2001),3.62,4
275,Rape Me (Baise-moi) (2000),3.5,2
276,Final Fantasy: The Spirits Within (2001),3.35,31
277,Legally Blonde (2001),3.16,64
278,"Score, The (2001)",3.55,20
279,Adanggaman (2000),2.0,1
280,Bully (2001),3.64,7
281,Jump Tomorrow (2001),3.5,1
282,Made (2001),2.67,6
283,Michael Jordan to the Max (2000),3.5,1
284,Jurassic Park III (2001),2.85,36
285,America's Sweethearts (2001),2.58,18
286,Brother (2000),3.75,4
287,Ghost World (2001),3.5,34
288,Hedwig and the Angry Inch (2000),4.18,11
289,Planet of the Apes (2001),2.74,49
290,Bread and Tulips (Pane e tulipani) (2000),3.67,3
291,Greenfingers (2000),1.5,1
292,Wet Hot American Summer (2001),3.64,7
293,Original Sin (2001),2.75,2
294,"Princess Diaries, The (2001)",3.04,27
295,Rush Hour 2 (2001),3.37,31
296,American Pie 2 (2001),3.07,45
297,Osmosis Jones (2001),2.62,8
298,"Others, The (2001)",3.63,55
299,American Outlaws (2001),2.12,4
300,All Over the Guy (2001),3.0,1
301,"Deep End, The (2001)",1.83,3
302,Session 9 (2001),3.62,4
303,Captain Corelli's Mandolin (2001),3.12,4
304,Rat Race (2001),3.06,18
305,Bubble Boy (2001),1.89,9
306,"Curse of the Jade Scorpion, The (2001)",2.5,3
307,Jay and Silent Bob Strike Back (2001),3.16,34
308,Ghosts of Mars (2001),2.6,5
309,Summer Catch (2001),2.67,3
310,Happy Accidents (2000),4.0,4
311,Maybe Baby (2000),3.5,1
312,Together (Tillsammans) (2000),3.71,7
313,Tortilla Soup (2001),3.25,2
314,Jeepers Creepers (2001),2.5,7
315,O (2001),3.62,4
316,"Musketeer, The (2001)",1.5,2
317,Rock Star (2001),2.5,3
318,Two Can Play That Game (2001),4.0,1
319,L.I.E. (2001),4.33,3
320,"Our Lady of the Assassins (Virgen de los sicarios, La) (2000)",4.0,1
321,Into the Arms of Strangers: Stories of the Kindertransport (2000),3.0,1
322,"Glass House, The (2001)",2.75,2
323,Hardball (2001),2.67,3
324,Dinner Rush (2000),3.5,1
325,Haiku Tunnel (2001),3.0,4
326,Big Trouble (2002),2.17,6
327,Glitter (2001),0.5,1
328,Training Day (2001),3.79,51
329,"American Astronaut, The (2001)",2.5,1
330,Liam (2000),2.0,2
331,Sidewalks of New York (2001),2.5,2
332,"Endurance: Shackleton's Legendary Antarctic Expedition, The (2000)",3.5,1
333,Don't Say a Word (2001),2.5,5
334,Hearts in Atlantis (2001),2.92,6
335,Zoolander (2001),3.51,54
336,Extreme Days (2001),2.0,1
337,Joy Ride (2001),3.1,5
338,Max Keeble's Big Move (2001),2.5,3
339,Serendipity (2001),3.14,25
340,"Swamp, The (Ciénaga, La) (2001)",3.0,1
341,Bandits (2001),2.67,6
342,Corky Romano (2001),1.33,3
343,Fat Girl (À ma soeur!) (2001),3.0,2
344,Mulholland Drive (2001),3.84,51
345,My First Mister (2001),3.33,3
346,Bones (2001),1.67,3
347,From Hell (2001),3.65,20
348,"Last Castle, The (2001)",2.81,8
349,Riding in Cars with Boys (2001),3.1,5
350,Focus (2001),3.5,1
351,Waking Life (2001),3.68,19
352,K-PAX (2001),3.48,33
353,Thirteen Ghosts (a.k.a. Thir13en Ghosts) (2001),2.46,12
354,Better Than Sex (2000),3.5,1
355,Donnie Darko (2001),3.98,109
356,High Heels and Low Lifes (2001),3.0,1
357,Life as a House (2001),3.89,9
358,"Man Who Wasn't There, The (2001)",3.74,17
359,"Town is Quiet, The (Ville est tranquille, La) (2000)",4.0,1
360,Domestic Disturbance (2001),2.0,1
361,"Monsters, Inc. (2001)",3.87,132
362,"One, The (2001)",2.75,14
363,Tape (2001),3.88,4
364,Heist (2001),3.43,7
365,Shallow Hal (2001),3.03,31
366,Harry Potter and the Sorcerer's Stone (a.k.a. Harry Potter and the Philosopher's Stone) (2001),3.76,107
367,Novocaine (2001),2.62,4
368,Black Knight (2001),2.19,8
369,Out Cold (2001),3.0,5
370,Spy Game (2001),3.48,27
371,"Devil's Backbone, The (Espinazo del diablo, El) (2001)",3.35,10
372,In the Bedroom (2001),3.0,10
373,Everybody's Famous! (Iedereen beroemd!) (2000),2.0,1
374,Behind Enemy Lines (2001),3.25,20
375,"Affair of the Necklace, The (2001)",3.25,2
376,Pornstar: The Legend of Ron Jeremy (2001),2.5,1
377,Texas Rangers (2001),2.0,1
378,Ocean's Eleven (2001),3.84,119
379,Baran (2001),3.5,1
380,"Business of Strangers, The (2001)",3.5,2
381,No Man's Land (2001),4.19,13
382,"Amelie (Fabuleux destin d'Amélie Poulain, Le) (2001)",4.18,120
383,Not Another Teen Movie (2001),2.57,14
384,Vanilla Sky (2001),3.42,44
385,Iris (2001),3.88,4
386,Kandahar (Safar e Ghandehar) (2001),3.5,2
387,Lantana (2001),3.83,6
388,"Royal Tenenbaums, The (2001)",3.68,68
389,How High (2001),2.94,9
390,Jimmy Neutron: Boy Genius (2001),3.2,5
391,Joe Somebody (2001),3.33,3
392,Kate & Leopold (2001),3.21,17
393,"Lord of the Rings: The Fellowship of the Ring, The (2001)",4.11,198
394,"Majestic, The (2001)",3.5,10
395,"Beautiful Mind, A (2001)",4.0,123
396,Ali (2001),3.0,8
397,Black Hawk Down (2001),3.81,50
398,Charlotte Gray (2001),3.75,2
399,Gosford Park (2001),3.7,27
400,I Am Sam (2001),3.76,17
401,Monster's Ball (2001),3.31,18
402,"Shipping News, The (2001)",3.0,6
403,Orange County (2002),2.63,15
404,"Brotherhood of the Wolf (Pacte des loups, Le) (2001)",3.82,14
405,What Time Is It There? (Ni neibian jidian) (2001),2.0,1
406,Impostor (2002),3.0,3
407,Kung Pow: Enter the Fist (2002),3.22,9
408,Snow Dogs (2002),2.33,6
409,Italian for Beginners (Italiensk for begyndere) (2000),3.0,2
410,The Count of Monte Cristo (2002),3.83,32
411,"Mothman Prophecies, The (2002)",3.08,13
412,"Walk to Remember, A (2002)",3.5,14
413,Beijing Bicycle (Shiqi sui de dan che) (2001),4.0,1
414,Escaflowne: The Movie (Escaflowne) (2000),3.25,2
415,Maelström (2000),4.0,1
416,Metropolis (2001),3.96,13
417,"Son's Room, The (Stanza del figlio, La) (2001)",3.83,3
418,Storytelling (2001),3.17,3
419,Waydowntown (2000),3.67,3
420,Slackers (2002),2.6,5
421,Birthday Girl (2001),2.8,5
422,Rare Birds (2001),3.5,2
423,Big Fat Liar (2002),3.0,5
424,Collateral Damage (2002),2.78,9
425,Rollerball (2002),1.79,7
426,"Scotland, Pa. (2001)",4.5,1
427,Crossroads (2002),2.07,7
428,Hart's War (2002),3.1,5
429,John Q (2002),2.91,11
430,Return to Never Land (2002),4.0,1
431,Super Troopers (2001),3.6,24
432,Last Orders (2001),3.0,1
433,Dragonfly (2002),3.5,3
434,Queen of the Damned (2002),2.36,11
435,How to Kill Your Neighbor's Dog (2000),3.25,2
436,Mean Machine (2001),3.0,2
437,Monsoon Wedding (2001),3.83,12
438,Wendigo (2001),2.5,2
439,Scratch (2001),3.83,3
440,Vampire Hunter D: Bloodlust (Banpaia hantâ D) (2000),3.11,9
441,40 Days and 40 Nights (2002),3.0,18
442,We Were Soldiers (2002),3.33,18
443,All About the Benjamins (2002),2.5,2
444,"Time Machine, The (2002)",2.86,22
445,Ice Age (2002),3.69,85
446,Resident Evil (2002),3.08,30
447,Showtime (2002),2.4,10
448,Harrison's Flowers (2000),3.0,1
449,Kissing Jessica Stein (2001),3.38,4
450,Promises (2001),4.25,2
451,And Your Mother Too (Y tu mamá también) (2001),3.95,21
452,Blade II (2002),3.21,34
453,Sorority Boys (2002),2.38,4
454,Stolen Summer (2002),2.75,2
455,George Washington (2000),2.0,2
456,Clockstoppers (2002),2.25,4
457,Death to Smoochy (2002),3.32,11
458,Panic Room (2002),3.0,37
459,"Rookie, The (2002)",3.29,12
460,No Such Thing (2001),2.5,1
461,"Piano Teacher, The (La pianiste) (2001)",4.0,1
462,Time Out (L'emploi du temps) (2001),3.0,1
463,High Crimes (2002),3.25,2
464,National Lampoon's Van Wilder (2002),2.91,22
465,Crush (2001),2.5,1
466,Lucky Break (2001),4.0,1
467,Changing Lanes (2002),3.33,9
468,Frailty (2001),3.86,11
469,"Sweetest Thing, The (2002)",2.9,10
470,"Cat's Meow, The (2002)",2.5,2
471,Human Nature (2001),3.5,5
472,My Big Fat Greek Wedding (2002),3.27,60
473,Murder by Numbers (2002),2.86,7
474,The Scorpion King (2002),2.3,22
475,Enigma (2001),3.14,7
476,Nine Queens (Nueve reinas) (2000),3.5,6
477,"Triumph of Love, The (2001)",2.0,1
478,World Traveler (2001),4.0,1
479,Jason X (2002),1.19,8
480,Life or Something Like It (2002),2.75,2
481,Dogtown and Z-Boyz (2001),3.79,7
482,Rain (2001),5.0,1
483,"Salton Sea, The (2002)",3.35,10
484,Deuces Wild (2002),2.5,2
485,Hollywood Ending (2002),4.0,1
486,Spider-Man (2002),3.54,122
487,"New Guy, The (2002)",2.5,9
488,Unfaithful (2002),3.5,7
489,"Lady and the Duke, The (Anglaise et le duc, L') (2001)",4.0,1
490,About a Boy (2002),3.72,44
491,Star Wars: Episode II - Attack of the Clones (2002),3.16,92
492,"Believer, The (2001)",4.25,6
493,"Importance of Being Earnest, The (2002)",3.85,10
494,Enough (2002),4.0,3
495,Insomnia (2002),3.3,33
496,Spirit: Stallion of the Cimarron (2002),3.5,2
497,CQ (2001),3.0,1
498,Thirteen Conversations About One Thing (a.k.a. 13 Conversations) (2001),4.0,3
499,"Sum of All Fears, The (2002)",2.97,17
500,Undercover Brother (2002),1.83,9
501,Bad Company (2002),2.88,4
502,Divine Secrets of the Ya-Ya Sisterhood (2002),3.12,4
503,Cherish (2002),5.0,1
504,"Fast Runner, The (Atanarjuat) (2001)",3.83,3
505,"Bourne Identity, The (2002)",3.82,112
506,Scooby-Doo (2002),2.85,17
507,Windtalkers (2002),2.88,8
508,"Dangerous Lives of Altar Boys, The (2002)",3.5,6
509,"Emperor's New Clothes, The (2001)",4.0,1
510,Gangster No. 1 (2000),3.0,3
511,Harvard Man (2001),3.0,1
512,Dark Blue World (Tmavomodrý svet) (2001),4.25,2
513,Juwanna Mann (2002),1.5,2
514,Lilo & Stitch (2002),3.81,29
515,Minority Report (2002),3.64,120
516,Rabbit-Proof Fence (2002),3.64,7
517,Sunshine State (2002),3.5,2
518,Hey Arnold! The Movie (2002),2.0,1
519,Mr. Deeds (2002),2.91,22
520,Lovely & Amazing (2001),3.2,5
521,Pumpkin (2002),3.0,5
522,Like Mike (2002),2.5,1
523,Men in Black II (a.k.a. MIIB) (a.k.a. MIB 2) (2002),2.96,61
524,"Powerpuff Girls, The (2002)",3.67,3
525,Me Without You (2001),2.5,1
526,"Crocodile Hunter: Collision Course, The (2002)",2.5,2
527,Reign of Fire (2002),2.72,18
528,Road to Perdition (2002),3.52,49
529,All About Lily Chou-Chou (Riri Shushu no subete) (2001),3.0,1
530,My Wife is an Actress (Ma Femme est une Actrice) (2001),4.0,4
531,Halloween: Resurrection (Halloween 8) (2002),2.0,3
532,Sex and Lucia (Lucía y el sexo) (2001),3.88,4
533,Eight Legged Freaks (2002),2.75,8
534,K-19: The Widowmaker (2002),3.5,6
535,Stuart Little 2 (2002),2.6,5
536,Austin Powers in Goldmember (2002),2.85,65
537,"Kid Stays in the Picture, The (2002)",3.83,3
538,Tadpole (2002),3.33,3
539,Who Is Cletis Tout? (2001),2.5,2
540,"Master of Disguise, The (2002)",1.86,7
541,Signs (2002),3.17,63
542,"Last Kiss, The (Ultimo bacio, L') (2001)",4.0,1
543,Spy Kids 2: The Island of Lost Dreams (2002),2.21,7
544,"Good Girl, The (2002)",3.21,12
545,Blood Work (2002),3.33,3
546,xXx (2002),2.77,24
547,24 Hour Party People (2002),3.57,7
548,Secret Ballot (Raye makhfi) (2001),3.25,2
549,Martin Lawrence Live: Runteldat (2002),5.0,1
550,Songs From the Second Floor (Sånger från andra våningen) (2000),3.5,1
551,"Adventures of Pluto Nash, The (2002)",2.33,3
552,Blue Crush (2002),2.69,8
553,Mostly Martha (Bella Martha) (2001),3.5,1
554,Possession (2002),3.5,4
555,One Hour Photo (2002),3.47,19
556,Serving Sara (2002),3.25,2
557,Simone (S1m0ne) (2002),2.14,7
558,Undisputed (2002),2.75,2
559,Amy's O (a.k.a. Amy's Orgasm) (2001),4.0,1
560,Satin Rouge (2002),5.0,1
561,FearDotCom (a.k.a. Fear.com) (a.k.a. Fear Dot Com) (2002),1.5,3
562,Snipes (2001),2.5,1
563,City by the Sea (2002),2.83,3
564,Swimfan (2002),2.0,2
565,Barbershop (2002),2.71,7
566,Stealing Harvard (2002),2.29,7
567,"Transporter, The (2002)",3.52,26
568,Alias Betty (Betty Fisher et autres histoires) (2001),2.0,1
569,Igby Goes Down (2002),3.67,12
570,"Son of the Bride (Hijo de la novia, El) (2001)",5.0,1
571,"Das Experiment (Experiment, The) (2001)",3.86,11
572,Ballistic: Ecks vs. Sever (2002),2.5,2
573,"Banger Sisters, The (2002)",2.0,3
574,"Four Feathers, The (2002)",2.75,2
575,Trapped (2002),2.0,1
576,8 Women (2002),3.83,3
577,"His Secret Life (a.k.a. Ignorant Fairies, The) (Fate ignoranti, Le) (2001)",4.5,1
578,Invincible (2001),3.5,1
579,Secretary (2002),3.9,25
580,Spirited Away (Sen to Chihiro no kamikakushi) (2001),4.16,87
581,"Trials of Henry Kissinger, The (2002)",4.0,2
582,Sweet Home Alabama (2002),3.05,28
583,"Tuxedo, The (2002)",2.5,10
584,Moonlight Mile (2002),3.5,3
585,Wasabi (2001),3.5,5
586,Jonah: A VeggieTales Movie (2002),2.0,1
587,Red Dragon (2002),3.44,31
588,Bloody Sunday (2002),3.6,5
589,Heaven (2002),3.75,2
590,"Man from Elysian Fields, The (2001)",3.0,1
591,Welcome to Collinwood (2002),2.5,2
592,Below (2002),3.5,1
593,Brown Sugar (2002),1.5,1
594,Knockaround Guys (2002),2.5,5
595,"Rules of Attraction, The (2002)",3.6,5
596,Tuck Everlasting (2002),3.25,2
597,White Oleander (2002),2.5,4
598,Bowling for Columbine (2002),3.78,58
599,Comedian (2002),3.0,2
600,Pokemon 4 Ever (a.k.a. Pokémon 4: The Movie) (2002),0.5,2
601,Punch-Drunk Love (2002),3.62,33
602,Swept Away (2002),1.0,1
603,Formula 51 (2001),2.67,3
604,"Ring, The (2002)",3.2,47
605,Auto Focus (2002),3.17,3
606,"Grey Zone, The (2001)",3.25,2
607,Naqoyqatsi (2002),3.0,1
608,Real Women Have Curves (2002),4.25,2
609,Tully (2000),2.75,2
610,Ghost Ship (2002),2.5,9
611,Jackass: The Movie (2002),3.5,17
612,Paid in Full (2002),4.5,1
613,"Truth About Charlie, The (2002)",2.5,1
614,All or Nothing (2002),3.67,3
615,Frida (2002),3.78,16
616,Roger Dodger (2002),3.67,6
617,I Spy (2002),2.5,7
618,"Santa Clause 2, The (2002)",2.3,5
619,Femme Fatale (2002),3.38,4
620,8 Mile (2002),3.29,41
621,Far from Heaven (2002),3.86,11
622,Harry Potter and the Chamber of Secrets (2002),3.6,102
623,Ararat (2002),4.5,1
624,"Crime of Father Amaro, The (Crimen del padre Amaro, El) (2002)",4.5,1
625,Standing in the Shadows of Motown (2002),3.5,3
626,Men with Brooms (2002),4.0,1
627,Dog Soldiers (2002),4.67,3
628,Die Another Day (2002),2.93,27
629,The Emperor's Club (2002),3.88,4
630,Friday After Next (2002),2.4,5
631,Personal Velocity (2002),2.5,1
632,"Quiet American, The (2002)",3.9,5
633,Talk to Her (Hable con Ella) (2002),4.04,14
634,Eight Crazy Nights (Adam Sandler's Eight Crazy Nights) (2002),1.5,4
635,Extreme Ops (2002),1.75,2
636,Solaris (2002),3.08,20
637,Treasure Planet (2002),3.56,8
638,They (2002),1.5,1
639,Elling (2001),4.5,2
640,Analyze That (2002),2.56,8
641,Empire (2002),4.5,1
642,Adaptation (2002),3.95,46
643,Equilibrium (2002),3.88,44
644,Visitor Q (Bizita Q) (2001),3.3,5
645,Drumline (2002),2.92,6
646,"Hot Chick, The (2002)",2.83,6
647,Maid in Manhattan (2002),2.61,19
648,Star Trek: Nemesis (2002),3.11,19
649,About Schmidt (2002),3.17,26
650,Evelyn (2002),3.0,1
651,Intact (Intacto) (2001),4.25,2
652,Morvern Callar (2002),3.25,4
653,"Lord of the Rings: The Two Towers, The (2002)",4.02,188
654,Devils on the Doorstep (Guizi lai le) (2000),4.0,1
655,25th Hour (2002),3.84,22
656,Antwone Fisher (2002),3.56,9
657,Gangs of New York (2002),3.52,55
658,Two Weeks Notice (2002),3.26,19
659,Narc (2002),3.28,9
660,Catch Me If You Can (2002),3.92,115
661,Pinocchio (2002),3.5,1
662,Chicago (2002),3.72,49
663,"Hours, The (2002)",3.7,15
664,Max (2002),2.9,5
665,Nicholas Nickleby (2002),4.0,2
666,"Pianist, The (2002)",4.11,46
667,Heavy Metal 2000 (2000),2.25,2
668,Love Liza (2002),3.33,3
669,Confessions of a Dangerous Mind (2002),3.6,15
670,Blue Collar Comedy Tour: The Movie (2003),3.0,3
671,Just Married (2003),2.75,8
672,"City of Lost Souls, The (Hyôryuu-gai) (2000)",3.0,1
673,"Guy Thing, A (2003)",2.5,4
674,Kangaroo Jack (2003),1.75,2
675,National Security (2003),2.5,5
676,City of God (Cidade de Deus) (2002),4.15,75
677,Darkness Falls (2003),2.12,4
678,Amen. (2002),3.83,3
679,Blind Spot: Hitler's Secretary (Im toten Winkel - Hitlers Sekretärin) (2002),3.0,1
680,Biker Boyz (2003),2.0,1
681,Final Destination 2 (2003),3.05,10
682,"Recruit, The (2003)",3.35,17
683,"Guru, The (2002)",3.0,2
684,Lost in La Mancha (2002),3.08,6
685,May (2002),3.33,3
686,Ordinary Decent Criminal (2000),4.0,1
687,How to Lose a Guy in 10 Days (2003),3.28,29
688,Shanghai Knights (2003),3.21,19
689,Daredevil (2003),2.5,32
690,"Jungle Book 2, The (2003)",3.0,1
691,All the Real Girls (2003),4.25,2
692,Gerry (2002),3.17,3
693,He Loves Me... He Loves Me Not (À la folie... pas du tout) (2002),4.5,1
694,Dark Blue (2003),3.0,3
695,Gods and Generals (2003),3.0,1
696,"Life of David Gale, The (2003)",3.81,8
697,Old School (2003),3.51,39
698,Open Hearts (Elsker dig for evigt) (2002),5.0,1
699,Poolhall Junkies (2002),3.83,3
700,Stone Reader (2002),4.0,2
701,Cradle 2 the Grave (2003),3.5,3
702,Spider (2002),3.33,3
703,Late Marriage (Hatuna Meuheret) (2001),3.5,1
704,Volcano High (Whasango) (2001),3.0,1
705,Bringing Down the House (2003),1.92,6
706,Tears of the Sun (2003),2.64,7
707,Irreversible (Irréversible) (2002),3.89,9
708,Laurel Canyon (2002),3.0,3
709,Nowhere in Africa (Nirgendwo in Afrika) (2001),3.75,2
710,"Safety of Objects, The (2001)",3.0,2
711,Bend It Like Beckham (2002),3.3,40
712,"Hunted, The (2003)",3.0,3
713,Willard (2003),2.5,4
714,Prozac Nation (2001),3.0,1
715,Spun (2001),3.25,2
716,Boat Trip (2003),2.38,4
717,Dreamcatcher (2003),2.64,7
718,Piglet's Big Movie (2003),2.0,1
719,View from the Top (2003),2.38,4
720,Basic (2003),3.75,2
721,"Core, The (2003)",2.38,8
722,Head of State (2003),2.25,2
723,What a Girl Wants (2003),3.06,8
724,Assassination Tango (2002),2.0,1
725,Raising Victor Vargas (2002),3.75,2
726,Stevie (2002),4.25,2
727,"Good Thief, The (2002)",4.0,1
728,"Man Apart, A (2003)",2.25,2
729,Phone Booth (2002),3.14,32
730,Cowboy Bebop: The Movie (Cowboy Bebop: Tengoku no Tobira) (2001),3.9,20
731,Levity (2003),4.0,1
732,"Man Without a Past, The (Mies vailla menneisyyttä) (2002)",3.88,4
733,Anger Management (2003),3.06,34
734,Better Luck Tomorrow (2002),3.88,4
735,Ghosts of the Abyss (2003),3.5,1
736,House of 1000 Corpses (2003),2.71,7
737,Lilya 4-Ever (Lilja 4-ever) (2002),3.5,3
738,Bulletproof Monk (2003),2.41,11
739,Chasing Papi (a.k.a. Papi Chulo) (2003),2.0,1
740,"Mighty Wind, A (2003)",3.75,14
741,Holes (2003),3.42,20
742,Malibu's Most Wanted (2003),2.67,3
743,"Winged Migration (Peuple migrateur, Le) (2001)",3.5,9
744,Flickering Lights (Blinkende lygter) (2000),4.5,3
745,I Am Trying to Break Your Heart (2002),4.17,3
746,Confidence (2003),2.83,6
747,Identity (2003),3.68,22
748,It Runs in the Family (2003),2.5,2
749,"Decade Under the Influence, A (2003)",3.5,3
750,Manic (2001),3.0,1
751,People I Know (2002),3.0,2
752,Spellbound (2002),3.92,13
753,"Lizzie McGuire Movie, The (2003)",3.0,4
754,X2: X-Men United (2003),3.72,76
755,Blue Car (2002),3.5,3
756,"Dancer Upstairs, The (2002)",3.83,3
757,Marooned in Iraq (Gomgashtei dar Aragh) (2002),3.0,1
758,Owning Mahowny (2003),3.5,4
759,Daddy Day Care (2003),2.33,6
760,"Man on the Train (Homme du train, L') (2002)",3.88,4
761,"Shape of Things, The (2003)",3.25,4
762,"Trip, The (2002)",2.0,1
763,101 Reykjavik (101 Reykjavík) (2000),3.5,1
764,"Matrix Reloaded, The (2003)",3.35,96
765,Down with Love (2003),2.9,10
766,Cinemania (2002),4.0,4
767,"Spanish Apartment, The (L'auberge espagnole) (2002)",4.0,5
768,Pokémon Heroes (2003),0.5,1
769,Bruce Almighty (2003),3.32,71
770,"In-Laws, The (2003)",2.17,3
771,Gigantic (A Tale of Two Johns) (2002),4.0,4
772,Respiro (2002),3.5,2
773,Finding Nemo (2003),3.96,141
774,"Italian Job, The (2003)",3.62,59
775,Wrong Turn (2003),3.0,2
776,Capturing the Friedmans (2003),3.93,7
777,Together (Han ni Zai Yiki) (2002),3.0,1
778,"2 Fast 2 Furious (Fast and the Furious 2, The) (2003)",2.61,19
779,Whale Rider (2002),3.75,14
780,Murder on a Sunday Morning (Un coupable idéal) (2001),3.5,1
781,Dumb and Dumberer: When Harry Met Lloyd (2003),1.95,11
782,From Justin to Kelly (2003),0.83,3
783,Hollywood Homicide (2003),2.93,7
784,Alex and Emma (2003),2.0,1
785,28 Days Later (2002),3.97,58
786,Charlie's Angels: Full Throttle (2003),2.37,27
787,Fulltime Killer (Chuen jik sat sau) (2001),3.5,1
788,Hulk (2003),2.56,33
789,"Legally Blonde 2: Red, White & Blonde (2003)",2.41,11
790,Sinbad: Legend of the Seven Seas (2003),3.67,6
791,Terminator 3: Rise of the Machines (2003),3.04,45
792,Swimming Pool (2003),3.6,5
793,Pirates of the Caribbean: The Curse of the Black Pearl (2003),3.78,149
794,"League of Extraordinary Gentlemen, The (a.k.a. LXG) (2003)",2.62,32
795,"Cuckoo, The (Kukushka) (2002)",3.5,1
796,I Capture the Castle (2003),4.5,1
797,Northfork (2003),2.25,2
798,Bad Boys II (2003),2.88,17
799,How to Deal (2003),3.5,3
800,Johnny English (2003),2.96,13
801,"Anarchist Cookbook, The (2002)",4.0,1
802,Dirty Pretty Things (2002),3.62,12
803,"Embalmer, The (Imbalsamatore, L') (2002)",4.0,1
804,Garage Days (2002),1.25,2
805,Masked & Anonymous (2003),2.5,1
806,Lara Croft Tomb Raider: The Cradle of Life (2003),2.65,17
807,Seabiscuit (2003),3.69,18
808,Spy Kids 3-D: Game Over (2003),2.0,3
809,Buffalo Soldiers (2001),3.5,3
810,Camp (2003),3.25,2
811,"Mondays in the Sun (Lunes al sol, Los) (2002)",4.0,1
812,Scorched (2003),3.5,2
813,American Wedding (American Pie 3) (2003),3.09,16
814,Gigli (2003),1.5,1
815,And Now... Ladies and Gentlemen... (2002),4.0,1
816,"Magdalene Sisters, The (2002)",4.33,6
817,"Secret Lives of Dentists, The (2002)",4.0,1
818,Freaky Friday (2003),3.21,24
819,S.W.A.T. (2003),3.32,14
820,"Divorce, Le (2003)",3.5,1
821,"Princess Blade, The (Shura Yukihime) (2001)",3.0,1
822,Step Into Liquid (2002),3.5,1
823,Freddy vs. Jason (2003),2.33,9
824,Grind (2003),2.75,2
825,Open Range (2003),3.94,9
826,Shaolin Soccer (Siu lam juk kau) (2001),3.82,17
827,Uptown Girls (2003),2.92,6
828,American Splendor (2003),3.83,18
829,Agent Cody Banks (2003),1.9,5
830,Comic Book Villains (2002),2.25,2
831,Revolution OS (2001),4.0,1
832,"Medallion, The (2003)",2.7,5
833,My Boss's Daughter (2003),2.0,4
834,Autumn Spring (Babí léto) (2001),3.5,1
835,"Battle of Shaker Heights, The (2003)",4.0,1
836,Dust (2001),2.5,1
837,Stoked: The Rise and Fall of Gator (2002),2.0,1
838,Jeepers Creepers 2 (2003),1.88,4
839,Bollywood/Hollywood (2002),2.5,1
840,Once Upon a Time in the Midlands (2002),3.0,1
841,Dickie Roberts: Former Child Star (2003),2.3,5
842,Party Monster (2003),2.5,1
843,Taking Sides (2001),3.5,1
844,Cabin Fever (2002),2.88,8
845,Matchstick Men (2003),3.72,34
846,Once Upon a Time in Mexico (2003),3.21,14
847,Dummy (2002),3.62,4
848,Lost in Translation (2003),4.03,74
849,Millennium Actress (Sennen joyû) (2001),3.8,5
850,Anything Else (2003),2.83,3
851,Cold Creek Manor (2003),2.5,1
852,"Fighting Temptations, The (2003)",3.5,1
853,Secondhand Lions (2003),3.5,12
854,Underworld (2003),3.5,33
855,Bubba Ho-tep (2002),3.32,14
856,In This World (2002),3.0,2
857,Duplex (2003),2.43,7
858,"Rundown, The (2003)",3.15,17
859,Under the Tuscan Sun (2003),3.28,9
860,Luther (2003),4.0,1
861,Mambo Italiano (2003),3.0,1
862,My Life Without Me (2003),3.5,2
863,To Be and to Have (Être et avoir) (2002),3.0,1
864,"Triplets of Belleville, The (Les triplettes de Belleville) (2003)",3.7,22
865,Life and Debt (2001),4.0,1
866,Lagaan: Once Upon a Time in India (2001),4.17,3
867,Avalon (2001),3.5,3
868,Ginger Snaps (2000),4.0,6
869,Out of Time (2003),3.5,2
870,School of Rock (2003),3.4,66
871,"Station Agent, The (2003)",3.58,12
872,Wonderland (2003),3.43,7
873,Bus 174 (Ônibus 174) (2002),3.83,3
874,Mystic River (2003),3.71,52
875,"House of the Dead, The (2003)",1.12,4
876,Intolerable Cruelty (2003),3.18,20
877,Kill Bill: Vol. 1 (2003),3.96,131
878,Runaway Jury (2003),3.44,17
879,"Texas Chainsaw Massacre, The (2003)",1.86,7
880,Pieces of April (2003),3.07,7
881,Returner (Ritaanaa) (2002),2.5,1
882,Sylvia (2003),3.0,1
883,Veronica Guerin (2003),3.0,2
884,In the Cut (2003),2.83,3
885,Beyond Borders (2003),3.5,1
886,Radio (2003),4.1,5
887,Scary Movie 3 (2003),2.28,20
888,Brother Bear (2003),3.0,2
889,Elephant (2003),3.56,9
890,Sweet Sixteen (2002),3.33,3
891,Interstate 60 (2002),4.0,2
892,"Eye, The (Gin gwai) (Jian gui) (2002)",3.25,2
893,"Human Stain, The (2003)",4.0,1
894,Shattered Glass (2003),3.5,7
895,"Matrix Revolutions, The (2003)",3.15,79
896,"Revolution Will Not Be Televised, The (a.k.a. Chavez: Inside the Coup) (2003)",4.0,1
897,Elf (2003),3.69,39
898,Billabong Odyssey (2003),4.0,1
899,Love Actually (2003),3.79,59
900,My Architect: A Son's Journey (2003),4.25,2
901,Looney Tunes: Back in Action (2003),2.75,2
902,Master and Commander: The Far Side of the World (2003),3.64,36
903,Tupac: Resurrection (2003),4.0,1
904,"Big Empty, The (2003)",3.5,1
905,"Missing, The (2003)",3.67,3
906,"Cat in the Hat, The (2003)",2.1,5
907,Gothika (2003),3.11,9
908,21 Grams (2003),3.3,25
909,"Barbarian Invasions, The (Les invasions barbares) (2003)",4.0,3
910,Bad Santa (2003),3.37,26
911,"Haunted Mansion, The (2003)",2.5,10
912,Timeline (2003),2.0,3
913,OT: Our Town (2002),3.5,1
914,Devil's Playground (2002),4.25,2
915,Journeys with George (2002),3.5,1
916,Battle Royale (Batoru rowaiaru) (2000),3.93,30
917,Things You Can Tell Just by Looking at Her (2000),4.0,1
918,Hero (Ying xiong) (2002),3.92,38
919,Rivers and Tides (2001),5.0,1
920,"Cooler, The (2003)",3.55,10
921,In America (2002),3.86,7
922,My Flesh and Blood (2003),4.0,1
923,Honey (2003),3.0,3
924,"Last Samurai, The (2003)",3.9,62
925,Big Fish (2003),3.83,69
926,Something's Gotta Give (2003),3.65,17
927,Stuck on You (2003),2.8,10
928,Girl with a Pearl Earring (2003),3.38,12
929,"Lord of the Rings: The Return of the King, The (2003)",4.12,185
930,Mona Lisa Smile (2003),2.8,10
931,Calendar Girls (2003),2.62,8
932,"Fog of War: Eleven Lessons from the Life of Robert S. McNamara, The (2003)",4.31,13
933,House of Sand and Fog (2003),3.78,9
934,Monster (2003),3.53,17
935,Cheaper by the Dozen (2003),1.94,8
936,Cold Mountain (2003),3.29,12
937,Paycheck (2003),2.91,17
938,Peter Pan (2003),3.08,6
939,"Company, The (2003)",3.0,1
940,Japanese Story (2003),3.0,1
941,Chasing Liberty (2004),3.94,8
942,Aileen: Life and Death of a Serial Killer (2003),3.5,2
943,Along Came Polly (2004),3.04,24
944,Torque (2004),2.25,2
945,Crimson Gold (Talaye sorgh) (2003),3.5,1
946,Osama (2003),3.5,1
947,Beyond Re-Animator (2003),3.0,1
948,Ichi the Killer (Koroshiya 1) (2001),3.42,6
949,"Suriyothai (a.k.a. Legend of Suriyothai, The) (2001)",3.5,1
950,The Butterfly Effect (2004),3.63,46
951,Win a Date with Tad Hamilton! (2004),2.81,8
952,Touching the Void (2003),4.0,8
953,"Big Bounce, The (2004)",2.0,4
954,"Perfect Score, The (2004)",2.75,4
955,You Got Served (2004),2.12,4
956,Latter Days (2003),3.5,1
957,Barbershop 2: Back in Business (2004),2.17,3
958,Catch That Kid (2004),2.0,1
959,Miracle (2004),3.35,10
960,An Amazing Couple (2002),4.0,1
961,"Dreamers, The (2003)",3.73,13
962,"Lost Skeleton of Cadavra, The (2002)",4.0,1
963,"Hip Hop Witch, Da (2000)",1.0,1
964,Thirteen (2003),3.61,9
965,50 First Dates (2004),3.55,47
966,Welcome to Mooseport (2004),3.25,4
967,Kitchen Stories (Salmer fra kjøkkenet) (2003),3.67,3
968,Monsieur Ibrahim (Monsieur Ibrahim et les fleurs du Coran) (2003),3.67,3
969,"Herod's Law (Ley de Herodes, La) (2000)",3.0,1
970,Against the Ropes (2004),2.0,2
971,Confessions of a Teenage Drama Queen (2004),2.38,4
972,EuroTrip (2004),3.13,15
973,"Passion of the Christ, The (2004)",2.62,13
974,Club Dread (2004),2.08,6
975,Dirty Dancing: Havana Nights (2004),3.4,5
976,Twisted (2004),2.75,2
977,"Good bye, Lenin! (2003)",3.8,23
978,Hidalgo (2004),3.32,11
979,Starsky & Hutch (2004),3.29,21
980,"Reckoning, The (2004)",3.5,1
981,Agent Cody Banks 2: Destination London (2004),4.0,1
982,"Girl Next Door, The (2004)",3.12,20
983,Secret Window (2004),3.3,15
984,Spartan (2004),3.5,3
985,Broken Wings (Knafayim Shvurot) (2002),3.0,1
986,Wilbur Wants to Kill Himself (2002),4.0,2
987,Dawn of the Dead (2004),3.91,16
988,Eternal Sunshine of the Spotless Mind (2004),4.16,131
989,Taking Lives (2004),3.25,4
990,Intermission (2003),4.0,1
991,Jersey Girl (2004),2.94,8
992,"Ladykillers, The (2004)",2.57,14
993,Never Die Alone (2004),3.5,1
994,Scooby-Doo 2: Monsters Unleashed (2004),2.25,4
995,Dogville (2003),4.03,20
996,Ned Kelly (2003),3.0,1
997,Hellboy (2004),3.38,41
998,"Prince & Me, The (2004)",3.07,7
999,Walking Tall (2004),3.0,6
1000,"United States of Leland, The (2003)",3.5,1
1001,The Alamo (2004),3.5,6
1002,Ella Enchanted (2004),3.36,7
1003,"Whole Ten Yards, The (2004)",3.14,7
1004,I'm Not Scared (Io non ho paura) (2003),4.25,2
1005,Prey for Rock & Roll (2003),1.5,1
1006,Kill Bill: Vol. 2 (2004),3.87,110
1007,"Punisher, The (2004)",3.5,14
1008,Paper Clips (2004),3.25,2
1009,This So-Called Disaster (2003),3.5,1
1010,13 Going on 30 (2004),3.19,21
1011,Man on Fire (2004),3.63,35
1012,Envy (2004),2.75,4
1013,Godsend (2004),2.5,2
1014,Laws of Attraction (2004),2.75,4
1015,Mean Girls (2004),3.76,39
1016,Van Helsing (2004),2.71,24
1017,"Mudge Boy, The (2003)",3.0,1
1018,Breakin' All the Rules (2004),3.5,1
1019,Troy (2004),3.43,48
1020,Carandiru (2003),4.5,1
1021,Coffee and Cigarettes (2003),3.58,6
1022,Eye See You (D-Tox) (2002),2.5,1
1023,100 Girls (2000),3.25,4
1024,Wit (2001),4.5,1
1025,Rose Red (2002),3.0,2
1026,Versus (2000),3.75,2
1027,"Best of Youth, The (La meglio gioventù) (2003)",4.75,2
1028,"Bang, Bang, You're Dead (2002)",4.0,2
1029,"11'09""01 - September 11 (2002)",4.0,2
1030,Children of Dune (2003),3.75,2
1031,Dune (2000),4.38,4
1032,Lammbock (2001),4.5,1
1033,Tremors 3: Back to Perfection (2001),3.0,3
1034,Notorious C.H.O. (2002),3.5,1
1035,Dark Days (2000),3.67,3
1036,Ken Park (2002),4.5,1
1037,Infernal Affairs (Mou gaan dou) (2002),4.33,9
1038,"Tale of Two Sisters, A (Janghwa, Hongryeon) (2003)",3.25,4
1039,"Weather Underground, The (2002)",4.0,4
1040,"Spring, Summer, Fall, Winter... and Spring (Bom yeoreum gaeul gyeoul geurigo bom) (2003)",4.25,10
1041,Dark Water (Honogurai mizu no soko kara) (2002),4.0,1
1042,"Seducing Doctor Lewis (Grande séduction, La) (2003)",2.0,2
1043,Pursuit of Happiness (2001),3.5,1
1044,Dolls (2002),4.25,2
1045,Shrek 2 (2004),3.58,92
1046,"Day After Tomorrow, The (2004)",3.05,50
1047,Raising Helen (2004),2.75,4
1048,Soul Plane (2004),3.75,2
1049,Baadasssss! (How to Get the Man's Foot Outta Your Ass) (2003),3.38,4
1050,Saved! (2004),3.89,14
1051,Harry Potter and the Prisoner of Azkaban (2004),3.91,93
1052,Mindhunters (2004),2.67,3
1053,"Blind Swordsman: Zatoichi, The (Zatôichi) (2003)",3.96,12
1054,"Chronicles of Riddick, The (2004)",3.3,23
1055,Garfield: The Movie (2004),2.3,5
1056,"Stepford Wives, The (2004)",2.25,12
1057,"Hunting of the President, The (2004)",2.5,1
1058,Napoleon Dynamite (2004),3.32,37
1059,Hope Springs (2003),1.0,1
1060,Super Size Me (2004),3.51,50
1061,Animal Factory (2000),2.5,1
1062,Fear X (2003),2.25,2
1063,Around the World in 80 Days (2004),2.5,3
1064,Dodgeball: A True Underdog Story (2004),3.55,39
1065,"Terminal, The (2004)",3.32,47
1066,Dear Frankie (2004),3.75,2
1067,White Chicks (2004),2.83,6
1068,"Door in the Floor, The (2004)",2.5,1
1069,"Notebook, The (2004)",3.57,38
1070,Two Brothers (Deux frères) (2004),3.5,1
1071,De-Lovely (2004),4.0,1
1072,"Happenstance (Battement d'ailes du papillon, Le) (2001)",3.0,1
1073,Comandante (2003),4.0,1
1074,Undead (2003),3.25,2
1075,Mayor of the Sunset Strip (2003),3.5,1
1076,Killing Me Softly (2002),4.0,1
1077,Taxi 3 (2003),3.25,2
1078,Tokyo Godfathers (2003),3.9,5
1079,Fahrenheit 9/11 (2004),3.49,37
1080,Secret Society (2002),0.5,1
1081,Spider-Man 2 (2004),3.8,79
1082,Before Sunset (2004),3.7,15
1083,King Arthur (2004),2.96,13
1084,Anchorman: The Legend of Ron Burgundy (2004),3.77,57
1085,"Cinderella Story, A (2004)",3.28,9
1086,"I, Robot (2004)",3.49,61
1087,"Maria Full of Grace (Maria, Llena eres de gracia) (2004)",3.94,8
1088,"Bourne Supremacy, The (2004)",3.79,75
1089,Catwoman (2004),1.33,9
1090,A Home at the End of the World (2004),3.5,1
1091,To End All Wars (2001),4.0,2
1092,Unprecedented: The 2000 Presidential Election (2002),3.5,1
1093,"Manchurian Candidate, The (2004)",3.04,12
1094,Thunderbirds (2004),2.75,2
1095,"Village, The (2004)",3.19,26
1096,Garden State (2004),3.71,48
1097,Musa the Warrior (Musa) (2001),4.5,1
1098,Collateral (2004),3.76,44
1099,Little Black Book (2004),2.17,3
1100,Code 46 (2003),4.5,1
1101,Harold and Kumar Go to White Castle (2004),3.46,34
1102,"Princess Diaries 2: Royal Engagement, The (2004)",2.5,7
1103,Danny Deckchair (2003),3.25,2
1104,AVP: Alien vs. Predator (2004),2.82,17
1105,We Don't Live Here Anymore (2004),4.0,2
1106,Without a Paddle (2004),2.0,7
1107,Exorcist: The Beginning (2004),2.5,3
1108,Anacondas: The Hunt for the Blood Orchid (2004),1.75,2
1109,Suspect Zero (2004),3.5,1
1110,Warriors of Heaven and Earth (Tian di ying xiong) (2003),3.25,2
1111,Vanity Fair (2004),3.5,3
1112,Paparazzi (2004),2.33,3
1113,Wicker Park (2004),3.33,3
1114,Cellular (2004),2.86,7
1115,Resident Evil: Apocalypse (2004),2.93,14
1116,Mr. 3000 (2004),2.67,3
1117,Sky Captain and the World of Tomorrow (2004),2.64,18
1118,Wimbledon (2004),3.11,9
1119,First Daughter (2004),3.33,6
1120,"Forgotten, The (2004)",2.5,5
1121,"Motorcycle Diaries, The (Diarios de motocicleta) (2004)",3.8,27
1122,Shaun of the Dead (2004),4.01,77
1123,Shark Tale (2004),2.35,13
1124,Ladder 49 (2004),3.67,6
1125,I Heart Huckabees (2004),3.45,21
1126,Raise Your Voice (2004),5.0,1
1127,Taxi (2004),1.75,2
1128,Primer (2004),3.79,17
1129,Stage Beauty (2004),3.5,1
1130,Shall We Dance? (2004),3.0,3
1131,Team America: World Police (2004),3.47,32
1132,Eulogy (2004),3.0,1
1133,P.S. (2004),4.25,2
1134,Friday Night Lights (2004),3.56,8
1135,Tarnation (2003),4.0,1
1136,"Final Cut, The (2004)",3.67,3
1137,Being Julia (2004),1.75,2
1138,Surviving Christmas (2004),2.75,2
1139,"Grudge, The (2004)",2.3,10
1140,Alfie (2004),2.33,3
1141,Sideways (2004),3.74,39
1142,The Machinist (2004),3.99,38
1143,Vera Drake (2004),3.0,4
1144,Falling Angels (2003),3.5,1
1145,Lightning in a Bottle (2004),4.0,1
1146,Undertow (2004),3.0,1
1147,Saw (2004),3.18,33
1148,Ray (2004),3.68,19
1149,Birth (2004),2.5,3
1150,"Incredibles, The (2004)",3.84,125
1151,Callas Forever (2002),3.0,1
1152,"Polar Express, The (2004)",3.14,11
1153,Kinsey (2004),3.12,8
1154,Seed of Chucky (Child's Play 5) (2004),1.75,4
1155,After the Sunset (2004),3.58,6
1156,Bridget Jones: The Edge of Reason (2004),3.02,20
1157,Finding Neverland (2004),3.61,32
1158,National Treasure (2004),3.26,38
1159,Bad Education (La mala educación) (2004),3.75,8
1160,"SpongeBob SquarePants Movie, The (2004)",3.0,2
1161,Alexander (2004),2.2,10
1162,Christmas with the Kranks (2004),2.5,2
1163,Guerrilla: The Taking of Patty Hearst (2004),4.0,1
1164,Closer (2004),3.72,16
1165,I Am David (2003),3.0,3
1166,House of Flying Daggers (Shi mian mai fu) (2004),3.52,25
1167,Ocean's Twelve (2004),3.29,43
1168,Blade: Trinity (2004),2.86,14
1169,Bush's Brain (2004),3.0,1
1170,Love Me If You Dare (Jeux d'enfants) (2003),4.1,5
1171,Control Room (2004),4.33,3
1172,Dark Portals: The Chronicles of Vidocq  (Vidocq) (2001),4.0,1
1173,In July (Im Juli) (2000),4.0,1
1174,Taxi 2 (2000),3.88,4
1175,If These Walls Could Talk 2 (2000),4.0,1
1176,"10th Kingdom, The (2000)",2.75,2
1177,2046 (2004),4.07,7
1178,Bartleby (2001),1.5,1
1179,Batman Beyond: Return of the Joker (2000),3.5,3
1180,"Nine Lives of Tomas Katz, The (2000)",5.0,1
1181,Monday (2000),4.5,1
1182,Paradise Lost 2: Revelations (2000),4.0,1
1183,Asterix & Obelix: Mission Cleopatra (Astérix & Obélix: Mission Cléopâtre) (2002),4.0,3
1184,Daria: Is It Fall Yet? (2000),4.0,1
1185,Late Night Shopping (2001),4.5,1
1186,61* (2001),5.0,1
1187,Joint Security Area (Gongdong gyeongbi guyeok JSA) (2000),4.25,4
1188,Ripley's Game (2002),3.33,3
1189,Jalla! Jalla! (2000),3.75,2
1190,Teknolust (2002),2.0,1
1191,"Accidental Spy, The (Dak miu mai shing) (2001)",2.5,1
1192,Darkness (2002),1.5,3
1193,Blood: The Last Vampire (2000),3.25,2
1194,Blueberry (2004),2.5,1
1195,American Psycho II: All American Girl (2002),2.5,1
1196,Ali G Indahouse (2002),3.0,3
1197,Dead or Alive 2: Tôbôsha (2000),4.5,1
1198,Cube 2: Hypercube (2002),3.75,2
1199,Pulse (Kairo) (2001),3.0,1
1200,Dog Days (Hundstage) (2001),3.0,1
1201,My Sassy Girl (Yeopgijeogin geunyeo) (2001),5.0,1
1202,Nothing (2003),3.5,1
1203,Undertaking Betty (Plots with a View) (2002),2.5,1
1204,Dead or Alive: Final (2002),1.5,1
1205,Fubar (2002),3.75,2
1206,"Happiness of the Katakuris, The (Katakuri-ke no kôfuku) (2001)",4.33,3
1207,Dead End (2003),3.5,2
1208,Sympathy for Mr. Vengeance (Boksuneun naui geot) (2002),3.8,5
1209,Jesus Christ Vampire Hunter (2001),0.5,1
1210,Suicide Club (Jisatsu saakuru) (2001),3.12,4
1211,Battlestar Galactica (2003),3.82,19
1212,"Sound of Thunder, A (2005)",2.75,2
1213,"Lion King 1½, The (2004)",4.5,2
1214,Oasis (2002),4.5,1
1215,Remember Me (Ricordati di me) (2003),3.5,1
1216,"Animatrix, The (2003)",3.7,20
1217,"Brown Bunny, The (2003)",3.25,2
1218,Ju-on: The Curse (2000),3.0,1
1219,11:14 (2003),3.75,4
1220,Tremors 4: The Legend Begins (2004),2.0,1
1221,Bring It On Again (2004),1.75,2
1222,"Crimson Rivers 2: Angels of the Apocalypse (Rivières pourpres II - Les anges de l'apocalypse, Les) (2004)",2.5,1
1223,And Starring Pancho Villa as Himself (2003),3.5,1
1224,Nicotina (2003),3.0,1
1225,Battle Royale 2: Requiem (Batoru rowaiaru II: Chinkonka) (2003),5.0,1
1226,In Hell (2003),1.5,1
1227,Lemony Snicket's A Series of Unfortunate Events (2004),3.16,25
1228,Helen of Troy (2003),4.0,1
1229,"Green Butchers, The (Grønne slagtere, De) (2003)",4.5,1
1230,"Very Long Engagement, A (Un long dimanche de fiançailles) (2004)",3.67,6
1231,Last Life in the Universe (Ruang rak noi nid mahasan) (2003),4.17,3
1232,Ghost in the Shell 2: Innocence (a.k.a. Innocence) (Inosensu) (2004),2.17,3
1233,"Cat Returns, The (Neko no ongaeshi) (2002)",3.75,8
1234,"Twilight Samurai, The (Tasogare Seibei) (2002)",3.83,6
1235,"Facing Windows (Finestra di fronte, La) (2003)",4.5,1
1236,Ginger Snaps: Unleashed (2004),3.0,1
1237,'Salem's Lot (2004),5.0,1
1238,Comic Book: The Movie (2004),2.5,1
1239,Intimate Strangers (Confidences trop intimes) (2004),3.75,2
1240,Down to the Bone (2004),3.0,1
1241,Ju-on: The Grudge (2002),2.58,6
1242,Old Boy (2003),4.09,39
1243,Red Lights (Feux rouges) (2004),4.5,1
1244,Ginger Snaps Back: The Beginning (2004),3.0,1
1245,One Missed Call (Chakushin ari) (2003),1.5,1
1246,"Jacket, The (2005)",3.0,8
1247,Millions (2004),3.5,4
1248,Starship Troopers 2: Hero of the Federation (2004),1.5,2
1249,Ong-Bak: The Thai Warrior (Ong Bak) (2003),4.0,12
1250,Infernal Affairs 2 (Mou gaan dou II) (2003),3.0,1
1251,"Sea Inside, The (Mar adentro) (2004)",4.0,8
1252,Spanglish (2004),3.36,11
1253,"Chorus, The (Choristes, Les) (2004)",3.91,11
1254,Saints and Soldiers (2003),2.5,1
1255,"Story of the Weeping Camel, The (Geschichte vom weinenden Kamel, Die) (2003)",4.0,2
1256,"Interpreter, The (2005)",3.25,6
1257,Open Water (2003),2.7,5
1258,Touch of Pink (2004),4.0,1
1259,Slasher (2004),3.5,1
1260,"Bobby Jones, Stroke of Genius (2004)",2.5,1
1261,Layer Cake (2004),3.82,19
1262,"Return, The (Vozvrashcheniye) (2003)",4.33,3
1263,Flight of the Phoenix (2004),2.88,4
1264,Mean Creek (2004),3.75,2
1265,"Ring Two, The (2005)",2.3,5
1266,"Corporation, The (2003)",3.9,10
1267,"Yes Men, The (2003)",3.75,2
1268,Azumi (2003),2.75,2
1269,In My Father's Den (2004),3.5,1
1270,Tae Guk Gi: The Brotherhood of War (Taegukgi hwinalrimyeo) (2004),4.5,1
1271,Metallica: Some Kind of Monster (2004),3.17,3
1272,Born into Brothels (2004),3.88,4
1273,DiG! (2004),4.12,4
1274,Riding Giants (2004),4.0,4
1275,What the #$*! Do We Know!? (a.k.a. What the Bleep Do We Know!?) (2004),2.75,2
1276,"Scanner Darkly, A (2006)",3.61,22
1277,Casshern (2004),3.5,1
1278,Outfoxed: Rupert Murdoch's War on Journalism (2004),3.3,5
1279,Million Dollar Baby (2004),3.85,52
1280,Gozu (Gokudô kyôfu dai-gekijô: Gozu) (2003),4.75,2
1281,Hotel Rwanda (2004),3.79,48
1282,Charlie and the Chocolate Factory (2005),3.0,61
1283,3-Iron (Bin-jip) (2004),4.5,3
1284,"Life Aquatic with Steve Zissou, The (2004)",3.49,37
1285,"Aviator, The (2004)",3.53,35
1286,"Phantom of the Opera, The (2004)",3.17,12
1287,Beyond the Sea (2004),2.0,1
1288,"Woodsman, The (2004)",3.83,3
1289,In Good Company (2004),3.45,11
1290,Meet the Fockers (2004),3.11,33
1291,"Assassination of Richard Nixon, The (2004)",3.5,2
1292,"Love Song for Bobby Long, A (2004)",3.17,3
1293,"Merchant of Venice, The (2004)",3.75,4
1294,Fat Albert (2004),1.5,2
1295,"Keys to the House, The (Chiavi di casa, Le) (2004)",3.0,1
1296,White Noise (2005),2.5,8
1297,"Upside of Anger, The (2005)",3.17,3
1298,Stander (2003),3.5,2
1299,Imaginary Heroes (2004),3.0,2
1300,Ruby & Quentin (Tais-toi!) (2003),2.5,1
1301,"Life and Death of Peter Sellers, The (2004)",3.0,1
1302,Appleseed (Appurushîdo) (2004),3.83,3
1303,Elektra (2005),2.05,10
1304,Racing Stripes (2005),2.0,1
1305,Coach Carter (2005),3.07,7
1306,Memories of Murder (Salinui chueok) (2003),4.7,5
1307,"Downfall (Untergang, Der) (2004)",3.88,20
1308,Assault on Precinct 13 (2005),3.19,8
1309,Are We There Yet? (2005),0.5,1
1310,Alone in the Dark (2005),0.5,1
1311,Hide and Seek (2005),2.33,6
1312,Boogeyman (2005),2.0,2
1313,"Wedding Date, The (2005)",3.14,11
1314,Rory O'Shea Was Here (Inside I'm Dancing) (2004),4.5,1
1315,Nobody Knows (Dare mo shiranai) (2004),4.25,2
1316,Employee of the Month (2004),2.25,2
1317,Purple Butterfly (Zi hudie) (2003),4.0,1
1318,Howl's Moving Castle (Hauru no ugoku shiro) (2004),4.08,40
1319,Steamboy (Suchîmubôi) (2004),3.0,2
1320,Hitch (2005),3.17,45
1321,Uncle Nino (2003),0.5,1
1322,Bride & Prejudice (2004),3.25,2
1323,Constantine (2005),3.47,35
1324,Son of the Mask (2005),1.0,1
1325,Because of Winn-Dixie (2005),3.17,3
1326,Turtles Can Fly (Lakposhtha hâm parvaz mikonand) (2004),4.0,1
1327,Night Watch (Nochnoy dozor) (2004),3.25,4
1328,Man of the House (2005),3.0,1
1329,Kung Fu Hustle (Gong fu) (2004),3.58,19
1330,Zelary (2003),4.0,1
1331,Control (Kontroll) (2003),3.5,1
1332,Tyler Perry's Diary of a Mad Black Woman (2005),2.67,3
1333,Cursed (2005),2.17,6
1334,"Pacifier, The (2005)",2.71,7
1335,Be Cool (2005),2.44,8
1336,Gunner Palace (2004),3.67,3
1337,Hostage (2005),3.05,10
1338,Robots (2005),3.03,19
1339,Cube Zero (2004),2.67,3
1340,Stealing Rembrandt (Rembrandt) (2003),3.5,1
1341,Ice Princess (2005),3.38,4
1342,Melinda and Melinda (2004),3.1,5
1343,Milk and Honey (2003),3.5,1
1344,Miss Congeniality 2: Armed and Fabulous (2005),2.25,8
1345,Guess Who (2005),2.33,3
1346,D.E.B.S. (2004),2.83,3
1347,"League of Ordinary Gentlemen, A (2004)",4.0,1
1348,Incident at Loch Ness (2004),3.5,1
1349,800 Bullets (800 Balas) (2002),2.5,1
1350,"Wild Parrots of Telegraph Hill, The (2003)",4.75,2
1351,"Ballad of Jack and Rose, The (2005)",3.12,4
1352,Sin City (2005),3.86,84
1353,Beauty Shop (2005),2.0,1
1354,Sahara (2005),3.07,7
1355,Fever Pitch (2005),2.94,8
1356,Eros (2004),3.5,1
1357,Not on the Lips (Pas sur la bouche) (2003),3.5,1
1358,Tanguy (2001),2.5,1
1359,National Lampoon's Lady Killers (National Lampoon's Gold Diggers) (2003),1.0,1
1360,Ringu 0: Bâsudei (2000),3.0,1
1361,Brothers (Brødre) (2004),4.25,2
1362,Carrie (2002),3.0,1
1363,"Hitchhiker's Guide to the Galaxy, The (2005)",3.42,44
1364,"Amityville Horror, The (2005)",2.25,6
1365,Mutant Aliens (2001),4.0,2
1366,Before the Fall (NaPolA - Elite für den Führer) (2004),3.5,1
1367,State Property 2 (2005),1.5,1
1368,Palindromes (2004),5.0,1
1369,"Lot Like Love, A (2005)",3.0,6
1370,King's Ransom (2005),2.5,1
1371,Enron: The Smartest Guys in the Room (2005),4.0,6
1372,xXx: State of the Union (2005),2.0,5
1373,Kingdom of Heaven (2005),3.5,17
1374,House of Wax (2005),1.83,6
1375,Crash (2004),3.89,50
1376,Mysterious Skin (2004),2.0,2
1377,"Common Thread, A (a.k.a. Sequins) (Brodeuses) (2004)",4.5,1
1378,Dear Wendy (2005),3.67,3
1379,Los Angeles Plays Itself (2003),3.5,1
1380,Unleashed (Danny the Dog) (2005),3.44,9
1381,Star Wars: Episode III - Revenge of the Sith (2005),3.43,78
1382,Kicking & Screaming (2005),2.64,7
1383,Monster-in-Law (2005),2.5,4
1384,"Snow Walker, The (2003)",3.0,1
1385,Madagascar (2005),3.38,40
1386,Mad Hot Ballroom (2005),3.33,3
1387,Dominion: Prequel to the Exorcist (2005),2.5,1
1388,"Longest Yard, The (2005)",3.11,9
1389,Saving Face (2004),5.0,1
1390,Cinderella Man (2005),4.09,17
1391,"Sisterhood of the Traveling Pants, The (2005)",3.07,7
1392,Lords of Dogtown (2005),3.0,7
1393,Rock School (2005),3.5,3
1394,Mr. & Mrs. Smith (2005),3.28,59
1395,"Adventures of Sharkboy and Lavagirl 3-D, The (2005)",1.75,2
1396,High Tension (Haute tension) (Switchblade Romance) (2003),3.75,2
1397,It's All Gone Pete Tong (2004),3.17,3
1398,Batman Begins (2005),3.86,116
1399,Godzilla: Final Wars (Gojira: Fainaru uôzu) (2004),3.0,1
1400,"Perfect Man, The (2005)",3.0,2
1401,Saint Ralph (2004),2.5,1
1402,Herbie: Fully Loaded (2005),3.17,3
1403,Land of the Dead (2005),3.12,4
1404,Bewitched (2005),2.27,13
1405,Rize (2005),3.5,1
1406,Me and You and Everyone We Know (2005),3.75,4
1407,"Perfect Crime, The (Crimen Ferpecto) (Ferpect Crime) (2004)",4.5,1
1408,3 Extremes (Three... Extremes) (Saam gaang yi) (2004),3.33,3
1409,"Edukators, The (Die Fetten Jahre sind vorbei) (2004)",4.0,5
1410,War of the Worlds (2005),3.15,50
1411,"March of the Penguins (Marche de l'empereur, La) (2005)",3.56,18
1412,Rebound (2005),3.0,1
1413,Dark Water (2005),2.0,3
1414,"Beat That My Heart Skipped, The (battre mon coeur s'est arrêté, De) (2005)",3.0,2
1415,Fantastic Four (2005),2.76,36
1416,Murderball (2005),3.83,3
1417,Wedding Crashers (2005),3.51,58
1418,Happy Endings (2005),3.5,1
1419,Hustle & Flow (2005),3.75,4
1420,"Calcium Kid, The (2004)",5.0,1
1421,"Island, The (2005)",3.35,31
1422,Bad News Bears (2005),3.0,3
1423,"Devil's Rejects, The (2005)",3.71,7
1424,Last Days (2005),3.0,2
1425,November (2004),3.0,1
1426,Sky High (2005),2.92,6
1427,Stealth (2005),2.5,5
1428,Must Love Dogs (2005),2.0,4
1429,"Aristocrats, The (2005)",3.35,10
1430,"Order, The (2001)",3.0,1
1431,Serenity (2005),3.94,50
1432,Broken Flowers (2005),3.48,21
1433,"Dukes of Hazzard, The (2005)",2.08,12
1434,The Chumscrubber (2005),2.0,3
1435,Junebug (2005),3.67,3
1436,Deuce Bigalow: European Gigolo (2005),2.83,3
1437,"Skeleton Key, The (2005)",3.0,4
1438,Four Brothers (2005),3.57,7
1439,The Great Raid (2005),3.17,3
1440,Pretty Persuasion (2005),3.0,1
1441,Grizzly Man (2005),3.7,5
1442,Pusher II: With Blood on My Hands (2004),2.5,1
1443,Duma (2005),3.5,1
1444,"40-Year-Old Virgin, The (2005)",3.55,74
1445,Red Eye (2005),3.39,9
1446,Hidden (a.k.a. Cache) (Caché) (2005),2.5,2
1447,Valiant (2005),1.5,1
1448,"Brothers Grimm, The (2005)",2.62,20
1449,"Baxter, The (2005)",4.0,1
1450,"Cave, The (2005)",2.67,3
1451,"Constant Gardener, The (2005)",3.46,13
1452,Transporter 2 (2005),3.22,16
1453,Just Like Heaven (2005),2.69,8
1454,Proof (2005),3.57,7
1455,Lord of War (2005),3.71,35
1456,Cry_Wolf (a.k.a. Cry Wolf) (2005),2.25,2
1457,Everything Is Illuminated (2005),3.78,9
1458,Thumbsucker (2005),3.33,3
1459,Family Guy Presents Stewie Griffin: The Untold Story (2005),3.71,12
1460,New Police Story (Xin jing cha gu shi) (2004),3.5,1
1461,Why We Fight (2005),3.5,4
1462,Doom (2005),2.15,10
1463,Domino (2005),2.88,8
1464,Waiting... (2005),3.27,13
1465,Aeon Flux (2005),2.76,21
1466,"Unfinished Life, An (2005)",3.0,1
1467,"Man, The (2005)",2.5,1
1468,Survive Style 5+ (2004),3.5,1
1469,"Exorcism of Emily Rose, The (2005)",2.92,6
1470,Flightplan (2005),2.86,11
1471,Corpse Bride (2005),3.53,44
1472,Green Street Hooligans (a.k.a. Hooligans) (2005),3.72,9
1473,"History of Violence, A (2005)",3.5,27
1474,Oliver Twist (2005),3.5,3
1475,"Greatest Game Ever Played, The (2005)",3.3,5
1476,Capote (2005),3.87,23
1477,Final Fantasy VII: Advent Children (2004),3.55,10
1478,Roll Bounce (2005),2.0,1
1479,Into the Blue (2005),2.5,2
1480,MirrorMask (2005),3.61,9
1481,Wallace & Gromit in The Curse of the Were-Rabbit (2005),3.63,30
1482,Kiss Kiss Bang Bang (2005),4.07,35
1483,"Bittersweet Life, A (Dalkomhan insaeng) (2005)",4.17,3
1484,Darwin's Nightmare (2004),4.0,1
1485,Beowulf & Grendel (2005),2.5,1
1486,No Direction Home: Bob Dylan (2005),4.62,4
1487,Goal! The Dream Begins (Goal!) (2005),4.25,2
1488,In Her Shoes (2005),3.12,4
1489,"Squid and the Whale, The (2005)",3.44,9
1490,Two for the Money (2005),3.5,1
1491,Brokeback Mountain (2005),3.56,34
1492,Elizabethtown (2005),3.5,4
1493,North Country (2005),3.5,4
1494,"Good Night, and Good Luck. (2005)",3.78,20
1495,Dreamer: Inspired by a True Story (2005),2.5,1
1496,"Proposition, The (2005)",3.56,8
1497,"Fog, The (2005)",2.1,5
1498,Shopgirl (2005),3.0,7
1499,Stay (2005),3.0,4
1500,"Legend of Zorro, The (2005)",2.9,5
1501,"Weather Man, The (2005)",3.39,9
1502,Saw II (2005),2.81,13
1503,Prime (2005),2.6,5
1504,Don't Move (Non ti muovere) (2004),4.5,1
1505,American Pie Presents: Band Camp (American Pie 4: Band Camp) (2005),2.14,7
1506,"Great Yokai War, The (Yôkai daisensô) (2005)",2.75,2
1507,Manderlay (2005),4.12,4
1508,Revolver (2005),3.36,7
1509,Jarhead (2005),3.68,17
1510,Chicken Little (2005),2.29,7
1511,Dead Man's Shoes (2004),4.75,2
1512,Joyeux Noël (Merry Christmas) (2005),3.7,5
1513,Just Friends (2005),2.92,6
1514,Syriana (2005),3.53,16
1515,One-Way Ticket to Mombasa (Menolippu Mombasaan) (2002),2.0,1
1516,Derailed (2005),3.25,4
1517,Creep (2004),3.0,1
1518,Pride & Prejudice (2005),3.56,27
1519,Wolf Creek (2005),3.25,4
1520,"Descent, The (2005)",3.55,11
1521,Harry Potter and the Goblet of Fire (2005),3.82,71
1522,Walk the Line (2005),3.76,39
1523,Rent (2005),3.15,10
1524,Zathura (2005),3.38,4
1525,C.R.A.Z.Y. (2005),3.5,2
1526,Sarah Silverman: Jesus Is Magic (2005),2.0,2
1527,Breakfast on Pluto (2005),3.88,4
1528,"Ice Harvest, The (2005)",3.67,3
1529,"Yours, Mine and Ours (2005)",3.33,3
1530,"Libertine, The (2004)",3.5,1
1531,Match Point (2005),3.44,17
1532,Paradise Now (2005),4.0,2
1533,"Chronicles of Narnia: The Lion, the Witch and the Wardrobe, The (2005)",3.44,62
1534,King Kong (2005),3.4,40
1535,Memoirs of a Geisha (2005),3.58,12
1536,"Family Stone, The (2005)",2.88,8
1537,Havoc (2005),2.75,2
1538,"Matador, The (2005)",3.21,7
1539,Wal-Mart: The High Cost of Low Price (2005),4.5,1
1540,Mozart and the Whale (2005),2.5,1
1541,"Three Burials of Melquiades Estrada, The (2006)",4.0,5
1542,Munich (2005),3.81,21
1543,"Producers, The (2005)",3.39,9
1544,Transamerica (2005),3.5,6
1545,Rumor Has It... (2005),2.83,3
1546,Cheaper by the Dozen 2 (2005),1.88,4
1547,Fun with Dick and Jane (2005),2.18,11
1548,"Ringer, The (2005)",2.75,4
1549,Casanova (2005),3.0,3
1550,Mrs. Henderson Presents (2005),2.0,2
1551,"New World, The (2005)",3.2,5
1552,Voices of a Distant Star (Hoshi no koe) (2003),4.5,1
1553,"Boys of Baraka, The (2005)",3.5,1
1554,Lady Vengeance (Sympathy for Lady Vengeance) (Chinjeolhan geumjassi) (2005),4.0,5
1555,Grand Theft Parsons (2003),2.5,1
1556,District 13 (Banlieue 13) (2004),3.8,5
1557,Hostel (2005),2.86,11
1558,Grandma's Boy (2006),2.57,7
1559,Tristan & Isolde (2006),3.6,5
1560,Glory Road (2006),3.75,2
1561,Last Holiday (2006),3.5,3
1562,Hoodwinked! (2005),3.25,4
1563,Underworld: Evolution (2006),3.09,16
1564,Looking for Comedy in the Muslim World (2005),3.5,1
1565,Water (2005),3.5,1
1566,Sophie Scholl: The Final Days (Sophie Scholl - Die letzten Tage) (2005),4.62,4
1567,"World's Fastest Indian, The (2005)",3.79,7
1568,Bandidas (2006),1.0,1
1569,Tristram Shandy: A Cock and Bull Story (2005),3.33,3
1570,Helter Skelter (2004),3.5,1
1571,Annapolis (2006),2.75,2
1572,Big Momma's House 2 (2006),2.0,1
1573,Nanny McPhee (2005),3.17,6
1574,Final Destination 3 (2006),2.83,9
1575,Something New (2006),4.5,1
1576,Block Party (a.k.a. Dave Chappelle's Block Party) (2005),3.17,3
1577,Imagine Me & You (2005),3.5,1
1578,"Pink Panther, The (2006)",2.86,7
1579,Curious George (2006),3.5,2
1580,Firewall (2006),2.75,8
1581,When a Stranger Calls (2006),1.3,5
1582,London (2005),3.0,1
1583,Freedomland (2006),2.0,1
1584,Winter Passing (2005),4.0,1
1585,Eight Below (2006),3.0,4
1586,Date Movie (2006),0.83,3
1587,Running Scared (2006),3.3,5
1588,Ultraviolet (2006),1.92,13
1589,Just My Luck (2006),3.0,1
1590,Pulse (2006),1.75,2
1591,16 Blocks (2006),3.0,9
1592,Failure to Launch (2006),3.25,6
1593,Ultimate Avengers (2006),2.75,2
1594,Ice Age 2: The Meltdown (2006),3.22,23
1595,Ask the Dust (2006),4.0,1
1596,V for Vendetta (2006),3.88,100
1597,She's the Man (2006),3.75,6
1598,Thank You for Smoking (2006),4.03,36
1599,Find Me Guilty (2006),3.0,1
1600,Inside Man (2006),3.8,40
1601,Tsotsi (2005),3.25,4
1602,Aquamarine (2006),2.0,2
1603,Lights in the Dusk (Laitakaupungin valot) (2006),3.5,1
1604,"Hills Have Eyes, The (2006)",3.08,6
1605,"Shaggy Dog, The (2006)",1.25,2
1606,Unknown White Male (2005),3.5,1
1607,"Lives of Others, The (Das leben der Anderen) (2006)",4.12,34
1608,Take the Lead (2006),3.75,2
1609,"Devil and Daniel Johnston, The (2005)",4.5,1
1610,Lucky Number Slevin (2006),3.86,38
1611,Volver (2006),3.81,8
1612,Akeelah and the Bee (2006),3.8,5
1613,Brainstorm (2001),2.5,1
1614,Stay Alive (2006),1.33,3
1615,Basic Instinct 2 (2006),2.17,3
1616,Brick (2005),3.88,12
1617,"Dead Hate the Living!, The (2000)",3.0,1
1618,Evil Aliens (2005),4.5,1
1619,This Film Is Not Yet Rated (2006),3.5,6
1620,Slither (2006),3.0,5
1621,"Benchwarmers, The (2006)",2.77,11
1622,Renaissance (2006),2.5,1
1623,Go for Zucker! (Alles auf Zucker!) (2004),5.0,1
1624,Friends with Money (2006),3.25,4
1625,Reefer Madness: The Movie Musical (2005),4.75,2
1626,Candy (2006),4.25,2
1627,"Child, The (L'enfant) (2005)",4.0,1
1628,9/11 (2002),5.0,1
1629,Scary Movie 4 (2006),2.25,12
1630,Hard Candy (2005),3.5,12
1631,"Prairie Home Companion, A (2006)",3.67,6
1632,"Sentinel, The (2006)",2.75,2
1633,"Wild, The (2006)",2.5,1
1634,Silent Hill (2006),2.96,12
1635,American Dreamz (2006),3.0,1
1636,Kinky Boots (2005),3.75,4
1637,"Protector, The (a.k.a. Warrior King) (Tom yum goong) (2005)",3.0,1
1638,Mission: Impossible III (2006),3.59,28
1639,RV (2006),2.0,3
1640,United 93 (2006),4.14,7
1641,Stick It (2006),2.58,6
1642,"American Haunting, An (2005)",1.5,2
1643,Down in the Valley (2005),3.25,2
1644,Over the Hedge (2006),3.43,14
1645,Art School Confidential (2006),3.33,6
1646,Poseidon (2006),2.88,4
1647,"Da Vinci Code, The (2006)",3.12,49
1648,X-Men: The Last Stand (2006),3.36,52
1649,"Break-Up, The (2006)",2.59,11
1650,Peaceful Warrior (2006),5.0,1
1651,Cars (2006),3.38,41
1652,"Notorious Bettie Page, The (2005)",3.0,2
1653,Game 6 (2005),2.5,1
1654,On a Clear Day (2005),2.0,1
1655,"Omen, The (2006)",2.3,5
1656,Nacho Libre (2006),2.46,14
1657,"Lake House, The (2006)",3.1,10
1658,Click (2006),2.98,23
1659,"Devil Wears Prada, The (2006)",3.56,34
1660,Pirates of the Caribbean: Dead Man's Chest (2006),3.51,72
1661,"You, Me and Dupree (2006)",2.17,6
1662,Clerks II (2006),3.88,13
1663,Lady in the Water (2006),2.83,9
1664,My Super Ex-Girlfriend (2006),1.58,6
1665,Marie Antoinette (2006),3.19,13
1666,Who Killed the Electric Car? (2006),3.7,5
1667,"Inconvenient Truth, An (2006)",3.58,13
1668,High School Musical (2006),2.0,3
1669,I Am a Sex Addict (2005),4.5,1
1670,Stoned (2005),2.0,1
1671,Jet Li's Fearless (Huo Yuan Jia) (2006),3.12,8
1672,"Fast and the Furious: Tokyo Drift, The (Fast and the Furious 3, The) (2006)",2.09,11
1673,Garfield: A Tail of Two Kitties (2006),2.25,2
1674,Metal: A Headbanger's Journey (2005),4.0,2
1675,Superman Returns (2006),3.08,25
1676,"Road to Guantanamo, The (2006)",3.5,1
1677,Edmond (2005),3.5,3
1678,"OH in Ohio, The (2006)",2.5,1
1679,Little Miss Sunshine (2006),3.88,77
1680,Babel (2006),3.5,31
1681,Strangers with Candy (2005),2.5,1
1682,Wordplay (2006),4.0,3
1683,Little Man (2006),1.0,1
1684,Monster House (2006),3.11,9
1685,Snakes on a Plane (2006),2.64,14
1686,Scoop (2006),3.38,4
1687,Talladega Nights: The Ballad of Ricky Bobby (2006),3.25,28
1688,Night at the Museum (2006),3.24,23
1689,World Trade Center (2006),2.67,6
1690,Stranger than Fiction (2006),3.69,44
1691,Miami Vice (2006),2.75,10
1692,"Pursuit of Happyness, The (2006)",3.79,46
1693,John Tucker Must Die (2006),2.72,9
1694,"Ant Bully, The (2006)",3.25,2
1695,Crank (2006),3.43,14
1696,"Secret Life of Words, The (2005)",4.0,1
1697,Chaos (2005),3.5,1
1698,"Night Listener, The (2006)",2.83,3
1699,Step Up (2006),3.5,4
1700,Zoom (2006),2.5,1
1701,Mind Game (2004),4.25,2
1702,Half Nelson (2006),4.0,5
1703,"Moustache, La (2005)",3.5,1
1704,Tideland (2005),3.0,3
1705,Adam's Apples (Adams æbler) (2005),4.17,3
1706,Material Girls (2006),2.0,1
1707,Accepted (2006),2.93,14
1708,"Illusionist, The (2006)",3.78,43
1709,The Queen (2006),3.73,13
1710,Beerfest (2006),3.5,6
1711,Invincible (2006),3.0,7
1712,Idlewild (2006),4.0,1
1713,Angel-A (2005),3.5,3
1714,"Puffy Chair, The (2006)",2.5,1
1715,"Wicker Man, The (2006)",1.0,4
1716,"Wind That Shakes the Barley, The (2006)",3.75,4
1717,Severance (2006),3.0,1
1718,Hollywoodland (2006),3.2,5
1719,"Covenant, The (2006)",3.0,1
1720,"Last Kiss, The (2006)",3.83,3
1721,SherryBaby (2006),2.5,1
1722,Idiocracy (2006),3.72,18
1723,Jesus Camp (2006),4.07,7
1724,"Bow, The (Hwal) (2005)",4.0,1
1725,"Tiger and the Snow, The (La tigre e la neve) (2005)",4.0,1
1726,"Fountain, The (2006)",3.5,14
1727,"Science of Sleep, The (La science des rêves) (2006)",3.86,11
1728,"Black Dahlia, The (2006)",3.25,6
1729,"Woods, The (2006)",3.0,1
1730,Gridiron Gang (2006),3.0,2
1731,Land of Plenty (Angst and Alienation in America) (2004),3.5,1
1732,"Bridge, The (2006)",4.0,1
1733,Apocalypto (2006),3.61,19
1734,Flyboys (2006),2.0,1
1735,Jackass Number Two (2006),3.57,7
1736,All the King's Men (2006),3.0,3
1737,Conversations with Other Women (2005),4.0,2
1738,Borat: Cultural Learnings of America for Make Benefit Glorious Nation of Kazakhstan (2006),3.35,65
1739,"Pan's Labyrinth (Laberinto del fauno, El) (2006)",3.81,81
1740,"Guardian, The (2006)",3.0,4
1741,Open Season (2006),3.0,2
1742,School for Scoundrels (2006),2.5,1
1743,"Departed, The (2006)",4.25,107
1744,"Texas Chainsaw Massacre: The Beginning, The (2006)",2.5,2
1745,Employee of the Month (2006),2.83,6
1746,Running With Scissors (2006),2.5,1
1747,Man of the Year (2006),2.5,3
1748,"Marine, The (2006)",2.75,2
1749,Infamous (2006),3.75,2
1750,Feast (2005),2.75,2
1751,Little Children (2006),3.88,4
1752,Deliver Us from Evil (2006),4.5,2
1753,"Last King of Scotland, The (2006)",3.98,20
1754,"U.S. vs. John Lennon, The (2006)",4.0,1
1755,Shortbus (2006),4.0,3
1756,Children of Men (2006),3.95,64
1757,"Prestige, The (2006)",4.01,90
1758,Flags of Our Fathers (2006),3.45,11
1759,13 Tzameti (2005),4.5,1
1760,Saw III (2006),3.05,11
1761,Catch a Fire (2006),3.25,2
1762,Death of a President (2006),3.25,2
1763,Flushed Away (2006),3.5,7
1764,Perfume: The Story of a Murderer (2006),3.25,8
1765,"Santa Clause 3: The Escape Clause, The (2006)",2.75,2
1766,"Good Year, A (2006)",3.67,3
1767,Shut Up & Sing (2006),3.0,3
1768,For Your Consideration (2006),2.38,4
1769,Fuck (2005),3.0,1
1770,Shooting Dogs (a.k.a. Beyond the Gates) (2005),4.0,1
1771,Casino Royale (2006),3.94,81
1772,Happy Feet (2006),2.68,11
1773,Let's Go to Prison (2006),1.33,3
1774,Déjà Vu (Deja Vu) (2006),3.3,20
1775,Bobby (2006),3.83,3
1776,10 Items or Less (2006),2.67,3
1777,"Holiday, The (2006)",3.21,24
1778,Harsh Times (2006),3.0,1
1779,Fast Food Nation (2006),3.83,3
1780,Tenacious D in The Pick of Destiny (2006),3.44,9
1781,"Nativity Story, The (2006)",3.5,2
1782,Blood Diamond (2006),3.76,53
1783,Charlotte's Web (2006),3.33,3
1784,Eragon (2006),2.33,12
1785,Rocky Balboa (2006),3.32,14
1786,Fur: An Imaginary Portrait of Diane Arbus (2006),3.0,1
1787,Another Gay Movie (2006),3.5,1
1788,"Painted Veil, The (2006)",4.0,4
1789,We Are Marshall (2006),3.75,2
1790,"Good Shepherd, The (2006)",3.14,7
1791,Dreamgirls (2006),3.1,5
1792,Freedom Writers (2007),3.75,4
1793,When the Levees Broke: A Requiem in Four Acts (2006),4.0,1
1794,Inland Empire (2006),3.67,6
1795,"History Boys, The (2006)",3.0,2
1796,Notes on a Scandal (2006),3.75,4
1797,DOA: Dead or Alive (2006),2.0,2
1798,Curse of the Golden Flower (Man cheng jin dai huang jin jia) (2006),2.5,3
1799,"Good German, The (2006)",3.0,1
1800,Letters from Iwo Jima (2006),3.71,17
1801,Black Christmas (2006),2.0,1
1802,Stomp the Yard (2007),2.5,2
1803,Miss Potter (2006),3.75,2
1804,American Pie Presents The Naked Mile (American Pie 5: The Naked Mile) (2006),1.17,3
1805,Venus (2006),3.5,2
1806,Primeval (2007),2.0,1
1807,Alpha Dog (2007),3.12,8
1808,"Hitcher, The (2007)",2.5,2
1809,After the Wedding (Efter brylluppet) (2006),3.5,1
1810,Bridge to Terabithia (2007),2.78,9
1811,Beer League (2006),4.0,1
1812,Dead Meat (2004),4.5,1
1813,49 Up (2005),4.0,2
1814,Waitress (2007),3.83,6
1815,Catch and Release (2006),2.25,2
1816,Smokin' Aces (2006),3.1,10
1817,Blood and Chocolate (2007),2.0,2
1818,Epic Movie (2007),1.12,4
1819,"Messengers, The (2007)",2.5,2
1820,Because I Said So (2007),3.0,3
1821,Hannibal Rising (2007),3.5,3
1822,Norbit (2007),1.0,1
1823,"Boss of It All, The (Direktøren for det hele) (2006)",4.5,2
1824,Cocaine Cowboys (2006),4.5,2
1825,Ratatouille (2007),3.87,72
1826,"Paris, I Love You (Paris, je t'aime) (2006)",2.94,8
1827,"Astronaut Farmer, The (2007)",2.25,2
1828,"Wake Up, Ron Burgundy (2004)",3.5,1
1829,It's a Boy Girl Thing (2006),1.0,2
1830,"Ugly Duckling and Me!, The (2006)",5.0,1
1831,Unknown (2006),3.0,4
1832,Ghost Rider (2007),2.25,12
1833,Breach (2007),3.56,8
1834,Tyler Perry's Daddy's Little Girls (2007),2.0,1
1835,Music and Lyrics (2007),3.1,10
1836,"Number 23, The (2007)",2.93,14
1837,Reno 911!: Miami (2007),3.0,2
1838,Black Snake Moan (2006),3.5,4
1839,My Father and My Son (Babam ve oglum) (2005),4.5,1
1840,Factory Girl (2006),3.5,1
1841,Hot Fuzz (2007),4.0,61
1842,Golden Door (Nuovomondo) (2006),4.5,1
1843,Next (2007),2.82,14
1844,Amazing Grace (2006),3.0,1
1845,2001 Maniacs (2005),3.25,2
1846,Zodiac (2007),3.71,38
1847,Pusher III: I'm the Angel of Death (2005),2.5,1
1848,Wild Hogs (2007),2.3,5
1849,300 (2007),3.68,80
1850,"Abandoned, The (2006)",2.0,1
1851,Starter for 10 (2006),3.5,1
1852,"Last Mimzy, The (2007)",3.0,2
1853,Priceless (Hors de prix) (2006),4.25,2
1854,"Host, The (Gwoemul) (2006)",4.0,7
1855,Becoming Jane (2007),2.92,6
1856,"Namesake, The (2006)",3.67,3
1857,I Think I Love My Wife (2007),2.5,1
1858,Premonition (2007),3.5,3
1859,Dead Silence (2007),3.25,2
1860,Reign Over Me (2007),4.1,5
1861,Pride (2007),2.5,1
1862,Shooter (2007),3.86,25
1863,"Hills Have Eyes II, The (2007)",2.5,2
1864,TMNT (Teenage Mutant Ninja Turtles) (2007),3.08,6
1865,Black Book (Zwartboek) (2006),2.5,1
1866,"Lookout, The (2007)",3.25,6
1867,Blades of Glory (2007),3.09,17
1868,Are We Done Yet? (2007),1.5,1
1869,Grindhouse (2007),3.43,27
1870,"Reaping, The (2007)",2.5,3
1871,Meet the Robinsons (2007),3.55,11
1872,American Hardcore (2006),3.5,1
1873,Sunshine (2007),3.64,14
1874,"Hoax, The (2007)",3.5,2
1875,Disturbia (2007),3.15,10
1876,Aqua Teen Hunger Force Colon Movie Film for Theaters (2007),3.0,1
1877,"Vie en Rose, La (Môme, La) (2007)",3.25,2
1878,Fracture (2007),3.67,12
1879,Vacancy (2007),3.75,2
1880,In the Land of Women (2007),4.0,2
1881,Mr. Bean's Holiday (2007),2.88,4
1882,"Invisible, The (2007)",2.33,3
1883,Kickin It Old Skool (2007),2.0,1
1884,Spider-Man 3 (2007),3.0,44
1885,Lucky You (2007),3.0,1
1886,It's a Very Merry Muppet Christmas Movie (2002),1.5,2
1887,Sharkwater (2006),4.0,1
1888,"Ex, The (2007)",4.0,1
1889,Paprika (Papurika) (2006),3.78,9
1890,Day Watch (Dnevnoy dozor) (2006),2.5,2
1891,This Is England (2006),4.0,8
1892,Away from Her (2006),3.62,4
1893,Knocked Up (2007),3.65,52
1894,Hairspray (2007),3.5,15
1895,28 Weeks Later (2007),3.6,21
1896,Jonestown: The Life and Death of Peoples Temple (2006),3.88,4
1897,Shrek the Third (2007),3.02,21
1898,Once (2006),3.94,9
1899,Pirates of the Caribbean: At World's End (2007),3.44,56
1900,Bug (2007),2.88,4
1901,Mr. Brooks (2007),4.0,7
1902,"Librarian: Return to King Solomon's Mines, The (2006)",3.5,2
1903,"Librarian: Quest for the Spear, The (2004)",3.75,2
1904,Fay Grim (2006),2.0,1
1905,"I'm a Cyborg, But That's OK (Saibogujiman kwenchana) (2006)",3.0,2
1906,"Breed, The (2006)",5.0,1
1907,Cashback (2006),3.25,4
1908,Ocean's Thirteen (2007),3.48,33
1909,Them (Ils) (2006),2.0,1
1910,Hostel: Part II (2007),2.0,4
1911,Paranoid Park (2007),4.0,1
1912,Surf's Up (2007),3.5,7
1913,Fantastic Four: Rise of the Silver Surfer (2007),2.58,20
1914,Nancy Drew (2007),2.83,3
1915,Fido (2006),3.29,7
1916,Death Proof (2007),3.13,26
1917,Rescue Dawn (2006),3.33,3
1918,"TV Set, The (2006)",4.0,2
1919,"Valet, The (La doublure) (2006)",5.0,1
1920,Bring It On: All or Nothing (2006),2.0,1
1921,"Power of Nightmares, The: The Rise of the Politics of Fear (2004)",4.5,1
1922,Sicko (2007),3.71,14
1923,"Mighty Heart, A (2007)",3.5,1
1924,1408 (2007),3.16,25
1925,Death at a Funeral (2007),3.25,4
1926,Live Free or Die Hard (2007),3.41,32
1927,License to Wed (2007),2.33,3
1928,Evan Almighty (2007),2.54,13
1929,Transformers (2007),3.35,39
1930,Harry Potter and the Order of the Phoenix (2007),3.86,58
1931,I Now Pronounce You Chuck and Larry (2007),3.45,11
1932,First Snow (2006),3.25,2
1933,Manufactured Landscapes (2006),3.75,2
1934,Across the Universe (2007),4.05,11
1935,Hot Rod (2007),3.14,7
1936,Stardust (2007),3.6,34
1937,"Simpsons Movie, The (2007)",3.62,46
1938,I Know Who Killed Me (2007),0.5,1
1939,No Reservations (2007),3.25,2
1940,Charlie Bartlett (2007),3.5,5
1941,"Bourne Ultimatum, The (2007)",3.7,81
1942,China Blue (2005),4.0,1
1943,Tell No One (Ne le dis à personne) (2006),3.83,3
1944,Superbad (2007),3.86,55
1945,"Brice Man, The (Brice de Nice) (2005)",3.5,1
1946,Rush Hour 3 (2007),2.7,5
1947,"Last Legion, The (2007)",3.0,1
1948,Balls of Fury (2007),2.83,3
1949,Sydney White (2007),2.5,2
1950,"Kingdom, The (2007)",3.81,8
1951,Rocket Science (2007),3.25,2
1952,Daddy Day Camp (2007),0.5,1
1953,"Invasion, The (2007)",3.0,2
1954,"Nanny Diaries, The (2007)",3.17,3
1955,Halloween (2007),3.25,4
1956,Death Sentence (2007),3.5,1
1957,2 Days in Paris (2007),3.5,1
1958,"King of Kong, The (2007)",3.92,12
1959,Taxi 4 (2007),2.0,1
1960,Behind the Mask: The Rise of Leslie Vernon (2006),4.0,1
1961,"Brothers Solomon, The (2007)",0.5,1
1962,"Nines, The (2007)",2.5,1
1963,Planet Terror (2007),3.8,22
1964,3:10 to Yuma (2007),4.06,25
1965,Shoot 'Em Up (2007),3.46,12
1966,"Ten, The (2007)",4.5,1
1967,Atonement (2007),3.54,13
1968,Electroma (2006),1.0,1
1969,Requiem (2006),3.5,1
1970,"4 Months, 3 Weeks and 2 Days (4 luni, 3 saptamâni si 2 zile) (2007)",4.0,3
1971,No End in Sight (2007),4.0,1
1972,"Brave One, The (2007)",3.25,2
1973,In the Valley of Elah (2007),3.5,3
1974,December Boys (2007),3.0,1
1975,Shanghai Kiss (2007),4.0,1
1976,"Hunting Party, The (2007)",2.67,3
1977,Eastern Promises (2007),4.03,19
1978,"Unreasonable Man, An (2006)",4.0,1
1979,Tekkonkinkreet (Tekkon kinkurîto) (2006),4.62,4
1980,Love and Other Disasters (2006),3.0,1
1981,Interview (2007),2.5,1
1982,Cashback (2004),3.0,1
1983,Resident Evil: Extinction (2007),2.95,10
1984,Mr. Woodcock (2007),2.67,3
1985,Good Luck Chuck (2007),3.25,4
1986,Into the Wild (2007),3.9,41
1987,"Game Plan, The (2007)",2.67,3
1988,"Lust, Caution (Se, jie) (2007)",3.75,4
1989,"Seeker: The Dark Is Rising, The (2007)",1.0,1
1990,"Heartbreak Kid, The (2007)",2.5,8
1991,Dan in Real Life (2007),3.39,9
1992,"Darjeeling Limited, The (2007)",3.43,21
1993,We Own the Night (2007),3.75,2
1994,Elizabeth: The Golden Age (2007),2.75,2
1995,Michael Clayton (2007),3.91,17
1996,Sleuth (2007),4.25,2
1997,Lars and the Real Girl (2007),3.56,8
1998,30 Days of Night (2007),3.18,11
1999,Gone Baby Gone (2007),3.45,20
2000,"Comebacks, The (2007)",0.75,2
2001,Weirdsville (2007),2.5,1
2002,"Assassination of Jesse James by the Coward Robert Ford, The (2007)",4.1,10
2003,10th & Wolf (2006),4.5,1
2004,Persepolis (2007),4.18,11
2005,Control (2007),4.17,3
2006,The Jane Austen Book Club (2007),3.5,2
2007,"Last Winter, The (2006)",4.0,1
2008,Black Sheep (2006),2.33,3
2009,"Edge of Heaven, The (Auf der anderen Seite) (2007)",3.5,1
2010,Saw IV (2007),3.2,5
2011,For the Bible Tells Me So (2007),3.25,2
2012,My Kid Could Paint That (2007),4.5,1
2013,Elite Squad (Tropa de Elite) (2007),4.3,10
2014,King of California (2007),3.0,1
2015,American Gangster (2007),3.91,37
2016,Bee Movie (2007),3.15,10
2017,Before the Devil Knows You're Dead (2007),3.0,1
2018,"Diving Bell and the Butterfly, The (Scaphandre et le papillon, Le) (2007)",4.1,5
2019,No Country for Old Men (2007),3.9,64
2020,Be Kind Rewind (2008),3.4,10
2021,Itty Bitty Titty Committee (2007),3.5,1
2022,August Rush (2007),3.5,6
2023,"Man from Earth, The (2007)",4.19,8
2024,Lions For Lambs (2007),4.0,2
2025,Beowulf (2007),2.56,8
2026,Southland Tales (2006),3.0,2
2027,"Evening with Kevin Smith 2: Evening Harder, An (2006)",2.75,2
2028,I Served the King of England (Obsluhoval jsem anglického krále) (2006),4.5,1
2029,"Mist, The (2007)",3.43,14
2030,Enchanted (2007),3.68,17
2031,Hitman (2007),3.29,7
2032,Awake (2007),4.0,1
2033,"Golden Compass, The (2007)",3.11,18
2034,I Am Legend (2007),3.48,62
2035,Alvin and the Chipmunks (2007),1.5,3
2036,Futurama: Bender's Big Score (2007),3.9,10
2037,Margot at the Wedding (2007),3.0,1
2038,I'm Not There (2007),3.5,2
2039,"Savages, The (2007)",3.5,1
2040,Wrong Turn 2: Dead End (2007),3.0,2
2041,"Orphanage, The (Orfanato, El) (2007)",3.88,8
2042,Juno (2007),3.77,65
2043,"Maxed Out: Hard Times, Easy Credit and the Era of Predatory Lenders (2006)",3.0,2
2044,My Blueberry Nights (2007),4.0,1
2045,Helvetica (2007),3.25,4
2046,"Bucket List, The (2007)",3.23,13
2047,"Kite Runner, The (2007)",3.33,3
2048,"Deaths of Ian Stone, The (2007)",3.0,1
2049,Wristcutters: A Love Story (2006),4.0,6
2050,Sweeney Todd: The Demon Barber of Fleet Street (2007),3.72,30
2051,National Treasure: Book of Secrets (2007),3.04,24
2052,There Will Be Blood (2007),4.14,28
2053,Charlie Wilson's War (2007),3.38,8
2054,AVPR: Aliens vs. Predator - Requiem (2007),2.58,6
2055,Walk Hard: The Dewey Cox Story (2007),3.3,5
2056,As You Like It (2006),3.0,1
2057,Drained (O cheiro do Ralo) (2006),4.0,1
2058,Dedication (2007),4.0,1
2059,"Water Horse: Legend of the Deep, The (2007)",4.0,1
2060,Battlestar Galactica: Razor (2007),3.8,5
2061,P.S. I Love You (2007),3.09,11
2062,27 Dresses (2008),3.3,20
2063,Cassandra's Dream (2007),4.0,1
2064,Like Stars on Earth (Taare Zameen Par) (2007),4.5,2
2065,"Band's Visit, The (Bikur Ha-Tizmoret) (2007)",3.5,3
2066,[REC] (2007),4.06,8
2067,In the Name of the King: A Dungeon Siege Tale (2008),0.5,1
2068,Cloverfield (2008),3.35,27
2069,Hatchet (2006),4.0,1
2070,Cat Soup (Nekojiru-so) (2001),4.0,1
2071,"Girl Who Leapt Through Time, The (Toki o kakeru shôjo) (2006)",4.1,10
2072,First Sunday (2008),3.5,1
2073,Untraceable (2008),3.0,1
2074,Rambo (Rambo 4) (2008),3.28,9
2075,Meet the Spartans (2008),2.5,3
2076,Strange Wilderness (2008),3.25,2
2077,"Signal, The (2007)",3.5,1
2078,Hellboy II: The Golden Army (2008),3.81,18
2079,In Bruges (2008),4.16,41
2080,Rise of the Footsoldier (2007),4.5,1
2081,Teeth (2007),2.0,1
2082,Fool's Gold (2008),2.33,3
2083,Jumper (2008),3.0,18
2084,"Definitely, Maybe (2008)",3.43,14
2085,"Air I Breathe, The (2007)",3.0,1
2086,Vantage Point (2008),3.42,6
2087,"Spiderwick Chronicles, The (2008)",3.4,5
2088,Step Up 2 the Streets (2008),3.25,2
2089,"Other Boleyn Girl, The (2008)",3.79,7
2090,Semi-Pro (2008),2.9,10
2091,Run Fatboy Run (2007),3.0,7
2092,Taxi to the Dark Side (2007),4.0,1
2093,Descent (2007),1.0,1
2094,College Road Trip (2008),4.5,1
2095,"10,000 BC (2008)",2.71,17
2096,"Bank Job, The (2008)",3.62,13
2097,Doomsday (2008),4.0,1
2098,Horton Hears a Who! (2008),3.44,8
2099,Funny Games U.S. (2007),4.38,4
2100,"Counterfeiters, The (Die Fälscher) (2007)",3.33,3
2101,Mongol (2007),2.5,1
2102,War Dance (2007),4.5,1
2103,"Love Guru, The (2008)",2.12,4
2104,Diary of the Dead (2007),2.83,3
2105,Penelope (2006),3.5,4
2106,City of Men (Cidade dos Homens) (2007),4.0,1
2107,Zeitgeist: The Movie (2007),3.75,2
2108,Justice League: The New Frontier (2008) ,2.75,2
2109,Heima (2007),4.17,3
2110,Snow Angels (2007),3.0,1
2111,"Class, The (Klass) (2007)",3.5,2
2112,"Dark Knight, The (2008)",4.24,149
2113,Never Back Down (2008),3.5,1
2114,Drillbit Taylor (2008),3.5,2
2115,Youth Without Youth (2007),2.5,1
2116,21 (2008),3.75,18
2117,Smart People (2008),2.75,2
2118,"Shepherd: Border Patrol, The (2008)",2.5,1
2119,Leatherheads (2008),2.38,4
2120,Assembly (Ji jie hao) (2007) ,4.5,1
2121,Zebraman (2004),3.5,2
2122,Stop-Loss (2008),3.25,2
2123,Shine a Light (2008),3.5,1
2124,Inside (À l'intérieur) (2007),4.0,1
2125,Nim's Island (2008),3.0,2
2126,"Ruins, The (2008)",3.5,1
2127,Forgetting Sarah Marshall (2008),3.77,39
2128,Superhero Movie (2008),2.0,3
2129,Street Kings (2008),2.5,1
2130,"Visitor, The (2007)",4.5,1
2131,Harold & Kumar Escape from Guantanamo Bay (2008),3.31,13
2132,99 francs (2007),4.0,1
2133,Speed Racer (2008),3.17,3
2134,"Forbidden Kingdom, The (2008)",3.83,3
2135,Happy-Go-Lucky (2008),3.5,1
2136,Religulous (2008),3.8,5
2137,Outpost (2008),2.0,2
2138,Are You Scared? (2006),3.5,1
2139,Son of Rambow (2007),4.67,3
2140,Super High Me (2007),4.25,2
2141,Outsourced (2006),3.5,1
2142,Baby Mama (2008),3.14,11
2143,Expelled: No Intelligence Allowed (2008),1.0,1
2144,Prom Night (2008),0.75,2
2145,Iron Man (2008),3.82,94
2146,Made of Honor (2008),2.88,4
2147,Redbelt (2008),3.0,1
2148,Taken (2008),3.62,42
2149,"Fall, The (2006)",3.95,11
2150,What Happens in Vegas... (2008),2.75,8
2151,American Pie Presents Beta House (American Pie 6: Beta House) (2007),2.75,2
2152,Bella (2006),3.5,1
2153,"Chronicles of Narnia: Prince Caspian, The (2008)",3.54,12
2154,Shelter (2007),4.0,1
2155,"Girl Next Door, The (2007)",3.75,2
2156,Indiana Jones and the Kingdom of the Crystal Skull (2008),2.83,39
2157,Nina's Heavenly Delights (2006),4.0,1
2158,Sex and the City (2008),2.41,11
2159,"Strangers, The (2008)",3.17,3
2160,"Bigger, Stronger, Faster* (2008)",3.5,1
2161,All the Boys Love Mandy Lane (2006),3.0,1
2162,Kung Fu Panda (2008),3.44,54
2163,Recount (2008),3.5,1
2164,Ex Drummer (2007),5.0,1
2165,You Don't Mess with the Zohan (2008),2.87,15
2166,Stuck (2007),3.5,1
2167,Chaos Theory (2007),4.0,1
2168,Boy A (2007),4.0,1
2169,Spiral (2007),4.5,1
2170,"Happening, The (2008)",3.0,5
2171,"Incredible Hulk, The (2008)",3.17,35
2172,"Children of Huang Shi, The (2008)",3.5,1
2173,WALL·E (2008),4.06,104
2174,Wanted (2008),3.16,22
2175,Hancock (2008),3.03,29
2176,Get Smart (2008),3.47,16
2177,Young People Fucking (a.k.a. YPF) (2007),2.25,2
2178,St. Trinian's (2007),2.5,1
2179,Futurama: The Beast with a Billion Backs (2008),3.5,6
2180,Kit Kittredge: An American Girl (2008),3.0,2
2181,Gonzo: The Life and Work of Dr. Hunter S. Thompson (2008),3.75,2
2182,"Wackness, The (2008)",4.0,3
2183,Strange Circus (Kimyô na sâkasu) (2005),4.0,1
2184,Encounters at the End of the World (2008),4.5,3
2185,Zombie Strippers! (2008),0.5,1
2186,Battle for Haditha (2007),4.0,1
2187,Mamma Mia! (2008),2.96,14
2188,Welcome to the Sticks (Bienvenue chez les Ch'tis) (2008),4.5,2
2189,Rogue (2007),3.5,1
2190,Journey to the Center of the Earth (2008),2.5,5
2191,Meet Dave (2008),3.5,2
2192,"Machine Girl, The (Kataude mashin gâru) (2008)",2.25,2
2193,Shrooms (2007),3.5,1
2194,Transsiberian (2008),2.5,1
2195,Stargate: Continuum (2008),2.5,1
2196,Watchmen (2009),3.99,43
2197,Shotgun Stories (2007),2.5,1
2198,Watching the Detectives (2007),5.0,1
2199,Felon (2008),3.5,2
2200,Step Brothers (2008),3.55,28
2201,"X-Files: I Want to Believe, The (2008)",2.88,4
2202,Man on Wire (2008),3.69,8
2203,Hogfather (Terry Pratchett's Hogfather) (2006),4.0,1
2204,Pathology (2008),4.0,1
2205,"Tracey Fragments, The (2007)",3.0,1
2206,"Zone, The (La Zona) (2007)",3.5,2
2207,"Edge of Love, The (2008)",3.0,1
2208,"Mummy: Tomb of the Dragon Emperor, The (2008)",2.64,7
2209,"Midnight Meat Train, The (2008)",2.88,4
2210,Frozen River (2008),4.5,1
2211,Vicky Cristina Barcelona (2008),3.09,16
2212,Batman: Gotham Knight (2008),3.5,3
2213,"Walker, The (2007)",2.0,1
2214,Pineapple Express (2008),3.68,31
2215,Red Cliff (Chi bi) (2008),4.0,3
2216,"Sisterhood of the Traveling Pants 2, The (2008)",2.5,1
2217,Hell Ride (2008),2.0,1
2218,High School Musical 2 (2007),2.0,1
2219,Tropic Thunder (2008),3.5,33
2220,Star Wars: The Clone Wars (2008),2.36,7
2221,Henry Poole is Here (2008),4.0,1
2222,Mutant Chronicles (2008),3.5,1
2223,Waltz with Bashir (Vals im Bashir) (2008),3.0,5
2224,Let the Right One In (Låt den rätte komma in) (2008),3.91,17
2225,Hamlet 2 (2008),2.0,1
2226,Death Race (2008),3.22,9
2227,"House Bunny, The (2008)",2.5,10
2228,"Rocker, The (2008)",2.75,2
2229,I.O.U.S.A. (a.k.a. IOUSA) (2008),4.0,1
2230,Mirrors (2008),1.5,1
2231,Sukiyaki Western Django (2008),3.33,3
2232,Somers Town (2008),3.5,1
2233,Burn After Reading (2008),3.49,39
2234,Disaster Movie (2008),0.83,3
2235,Babylon A.D. (2008),2.33,3
2236,Traitor (2008),3.38,4
2237,"Onion Movie, The (2008)",4.0,1
2238,"Spirit, The (2008)",2.5,2
2239,John Adams (2008),4.0,2
2240,Bangkok Dangerous (2008),3.25,2
2241,Sunflower (Xiang ri kui) (2005),2.0,1
2242,Altered (2006),3.0,1
2243,Righteous Kill (2008),3.0,1
2244,Lakeview Terrace (2008),3.0,2
2245,Ghost Town (2008),2.0,2
2246,"Crow, The: Wicked Prayer (2005)",0.5,1
2247,Appaloosa (2008),3.0,1
2248,Dead Fury (2008),3.0,1
2249,Eagle Eye (2008),3.06,8
2250,How to Lose Friends & Alienate People (2008),2.83,6
2251,Nick and Norah's Infinite Playlist (2008),3.35,10
2252,Gomorrah (Gomorra) (2008),3.7,5
2253,"Duchess, The (2008)",3.5,4
2254,Alone in the Dark II (2008),3.5,1
2255,FLCL (2000),4.28,9
2256,Rachel Getting Married (2008),2.75,2
2257,Body of Lies (2008),3.77,11
2258,City of Ember (2008),2.83,3
2259,Max Payne (2008),2.17,3
2260,Zack and Miri Make a Porno (2008),3.52,21
2261,W. (2008),2.5,1
2262,My Best Friend's Girl (2008),4.0,3
2263,"Synecdoche, New York (2008)",3.12,4
2264,"Secret Life of Bees, The (2008)",4.0,1
2265,"American Carol, An (2008)",2.0,1
2266,"Wave, The (Welle, Die) (2008)",3.57,7
2267,"Angus, Thongs and Perfect Snogging (2008)",2.5,1
2268,Pride and Glory (2008),3.0,2
2269,"Express, The (2008)",3.0,1
2270,Babylon 5: The Legend of the Rangers: To Live and Die in Starlight (2002),4.0,1
2271,Babylon 5: The Lost Tales - Voices in the Dark (2007),4.0,1
2272,RocknRolla (2008),3.77,13
2273,Futurama: Bender's Game (2008),3.44,9
2274,Tin Man (2007),2.25,2
2275,Madagascar: Escape 2 Africa (2008),3.69,13
2276,Blindness (2008),3.5,1
2277,Changeling (2008),3.44,8
2278,"Road, The (2009)",3.89,9
2279,Slumdog Millionaire (2008),3.81,71
2280,Quantum of Solace (2008),3.46,35
2281,Role Models (2008),3.62,20
2282,Tokyo! (2008),3.5,1
2283,JCVD (2008),3.25,2
2284,Crows Zero (Kurôzu zero) (2007),4.0,2
2285,Krabat (2008),2.0,1
2286,Camp Rock (2008),1.0,1
2287,Farscape: The Peacekeeper Wars (2004),3.5,4
2288,Saw V (2008),3.17,3
2289,Sex Drive (2008),3.62,4
2290,The Island (2006),4.0,1
2291,Beverly Hills Chihuahua (2008),2.12,4
2292,"Class, The (Entre les murs) (2008)",2.75,2
2293,Splinter (2008),4.0,1
2294,Australia (2008),3.2,5
2295,Bolt (2008),3.39,18
2296,Milk (2008),3.55,11
2297,Twilight (2008),2.41,22
2298,"Children, The (2008)",3.5,1
2299,Transporter 3 (2008),2.67,6
2300,Four Christmases (2008),2.83,3
2301,"Boy in the Striped Pajamas, The (Boy in the Striped Pyjamas, The) (2008)",3.42,6
2302,Fireproof (2008),1.0,1
2303,Igor (2008),3.5,2
2304,Dinotopia (2002),3.33,3
2305,Hunger (2008),4.75,2
2306,Punisher: War Zone (2008),3.0,6
2307,Shrek the Halls (2007),2.5,2
2308,"Pervert's Guide to Cinema, The (2006)",3.5,1
2309,Wallace and Gromit in 'A Matter of Loaf and Death' (2008),3.7,5
2310,"Day the Earth Stood Still, The (2008)",2.79,7
2311,Che: Part One (2008),5.0,1
2312,Che: Part Two (2008),5.0,1
2313,Doubt (2008),3.36,7
2314,Gran Torino (2008),3.95,46
2315,Frost/Nixon (2008),3.94,9
2316,"Reader, The (2008)",3.21,7
2317,Sword of the Stranger (Sutorejia: Mukô hadan) (2007),4.0,1
2318,Seven Pounds (2008),4.14,11
2319,"Wrestler, The (2008)",3.74,34
2320,"Curious Case of Benjamin Button, The (2008)",3.59,37
2321,Yes Man (2008),3.62,34
2322,Valkyrie (2008),3.41,11
2323,5 Centimeters per Second (Byôsoku 5 senchimêtoru) (2007),3.5,3
2324,War of the Worlds (2005),3.0,2
2325,Ben X (2007),3.5,1
2326,Bedtime Stories (2008),3.36,11
2327,Choke (2008),3.5,3
2328,Revolutionary Road (2008),3.7,5
2329,Dear Zachary: A Letter to a Son About His Father (2008),3.88,4
2330,Wild Child (2008),3.0,1
2331,Defiance (2008),3.93,7
2332,Zeitgeist: Addendum (2008),4.5,1
2333,Marley & Me (2008),3.14,14
2334,Ponyo (Gake no ue no Ponyo) (2008),4.0,11
2335,Earthsea (Legend of Earthsea) (2004),3.0,1
2336,Ip Man (2008),3.95,10
2337,"Tale of Despereaux, The (2008)",3.0,1
2338,Bride Wars (2009),3.5,4
2339,"Gamers, The: Dorkness Rising (2008)",2.5,1
2340,Mesrine: Killer Instinct (L'instinct de mort) (2008),4.0,1
2341,My Bloody Valentine 3-D (2009),2.0,1
2342,Battle in Seattle (2007),4.0,1
2343,"Timecrimes (Cronocrímenes, Los) (2007)",4.25,4
2344,Fire and Ice (2008),2.0,1
2345,Underworld: Rise of the Lycans (2009),3.64,7
2346,Inkheart (2008),3.5,5
2347,Paul Blart: Mall Cop (2009),2.71,7
2348,Notorious (2009),3.0,1
2349,"Uninvited, The (2009)",3.5,1
2350,Outlander (2008),3.33,3
2351,Eden Lake (2008),4.0,1
2352,Coraline (2009),3.7,35
2353,Push (2009),3.0,2
2354,"International, The (2009)",3.0,2
2355,He's Just Not That Into You (2009),2.82,11
2356,Dead Like Me: Life After Death (2009),3.5,1
2357,Futurama: Into the Wild Green Yonder (2009),3.5,6
2358,Frontière(s) (2007),3.5,1
2359,"11th Hour, The (2007)",4.0,1
2360,Afro Samurai: Resurrection (2009),2.5,1
2361,Departures (Okuribito) (2008),4.1,5
2362,My Name Is Bruce (2007),3.0,1
2363,Funny People (2009),3.5,5
2364,Berlin Calling (2008),4.25,2
2365,Nuremberg (2000),4.0,1
2366,Away We Go (2009),3.5,4
2367,"Divo, Il (2008)",4.0,2
2368,Friday the 13th (2009),3.0,2
2369,"Good, the Bad, the Weird, The (Joheunnom nabbeunnom isanghannom) (2008)",3.8,5
2370,"Pink Panther 2, The (2009)",2.75,2
2371,Dr. Horrible's Sing-Along Blog (2008),3.92,24
2372,"Cottage, The (2008)",4.25,2
2373,"I Love You, Man (2009)",3.53,17
2374,Dance of the Dead (2008),3.5,1
2375,"Haunting in Connecticut, The (2009)",2.5,2
2376,Duplicity (2009),2.5,1
2377,Knowing (2009),2.83,9
2378,"Girl with the Dragon Tattoo, The (Män som hatar kvinnor) (2009)",3.94,25
2379,Sunshine Cleaning (2008),3.38,4
2380,Kung Fu Panda: Secrets of the Furious Five (2008),2.88,4
2381,Echelon Conspiracy (2009),2.0,1
2382,Monsters vs. Aliens (2009),3.25,8
2383,"Baader Meinhof Komplex, Der (2008)",4.0,1
2384,Big Stan (2007),2.75,2
2385,Strictly Sexual (2008),5.0,1
2386,Anvil! The Story of Anvil (2008),3.75,2
2387,Observe and Report (2009),2.62,4
2388,Adventureland (2009),3.33,15
2389,Confessions of a Shopaholic (2009),3.5,4
2390,The Butterfly Effect 3: Revelations (2009),0.5,1
2391,"Fast & Furious (Fast and the Furious 4, The) (2009)",3.25,10
2392,In the Loop (2009),4.3,5
2393,Pirate Radio (2009),3.4,5
2394,17 Again (2009),3.55,10
2395,Inglourious Basterds (2009),4.14,88
2396,State of Play (2009),4.0,3
2397,"Damned United, The (2009)",4.25,2
2398,Crank: High Voltage (2009),2.94,8
2399,Moon (2009),3.97,32
2400,"Young Victoria, The (2009)",4.25,2
2401,X-Men Origins: Wolverine (2009),2.87,26
2402,Sin Nombre (2009),4.0,1
2403,Star Trek (2009),3.86,59
2404,"Great Buck Howard, The (2008)",3.5,1
2405,Red Cliff Part II (Chi Bi Xia: Jue Zhan Tian Xia) (2009),4.0,3
2406,Earth (2007),3.5,1
2407,Stanley Kubrick: A Life in Pictures (2001),4.0,1
2408,Crossing Over (2009),2.0,1
2409,Angels & Demons (2009),3.26,17
2410,Balls Out: Gary the Tennis Coach (2009),2.0,1
2411,Powder Blue (2009),2.0,1
2412,Fanboys (2009),2.88,8
2413,Terminator Salvation (2009),3.25,18
2414,Night at the Museum: Battle of the Smithsonian (2009),3.1,10
2415,Were the World Mine (2008),3.5,1
2416,"Brothers Bloom, The (2008)",4.33,3
2417,I Do: How to Get Married and Stay Single (Prête-moi ta main) (2006),4.0,1
2418,"Soloist, The (2009)",3.5,2
2419,Drag Me to Hell (2009),3.75,6
2420,Up (2009),4.0,105
2421,Fullmetal Alchemist the Movie: Conqueror of Shamballa (Gekijô-ban hagane no renkinjutsushi: Shanbara wo yuku mono) (2005),2.75,2
2422,Fired Up (2009),3.58,6
2423,In the Electric Mist (2009),1.5,1
2424,"Hangover, The (2009)",3.63,76
2425,Killshot (2008),2.5,1
2426,Antichrist (2009),3.8,5
2427,Sweeney Todd (2006),4.0,1
2428,Boy Eats Girl (2005),5.0,1
2429,Special (2006),3.5,1
2430,Dead Snow (Død snø) (2009),4.25,4
2431,Land of the Lost (2009),3.21,7
2432,Imagine That (2009),4.0,1
2433,"Taking of Pelham 1 2 3, The (2009)",3.17,6
2434,"Stoning of Soraya M., The (2008)",4.5,1
2435,"Proposal, The (2009)",3.5,16
2436,Year One (2009),2.79,7
2437,Garfield's Pet Force (2009),5.0,1
2438,"Hurt Locker, The (2008)",4.06,34
2439,Breakfast with Scot (2007),3.5,1
2440,"Limits of Control, The (2009)",2.75,2
2441,Transformers: Revenge of the Fallen (2009),2.42,20
2442,Home (2009),4.5,2
2443,Whatever Works (2009),3.0,2
2444,Ghosts of Girlfriends Past (2009),2.5,3
2445,Public Enemies (2009),3.06,9
2446,Ice Age: Dawn of the Dinosaurs (2009),2.61,14
2447,Prison Break: The Final Break (2009),3.5,1
2448,Daria: Is It College Yet? (2002),1.0,1
2449,My Sister's Keeper (2009),4.0,1
2450,Hood of Horror (2006),4.5,1
2451,Watchmen: Tales of the Black Freighter (2009),3.5,1
2452,(500) Days of Summer (2009),3.67,42
2453,Brüno (Bruno) (2009),3.65,10
2454,"Librarian, The: The Curse of the Judas Chalice (2008)",3.75,2
2455,Harry Potter and the Half-Blood Prince (2009),3.89,58
2456,Eichmann (2007),5.0,1
2457,Open Water 2: Adrift (2006),2.5,1
2458,"Imaginarium of Doctor Parnassus, The (2009)",3.81,16
2459,9to5: Days in Porn (a.k.a. 9 to 5: Days in Porn) (2008),3.5,1
2460,Humpday (2009),2.5,1
2461,Polytechnique (2009),1.5,1
2462,Orphan (2009),3.0,4
2463,"Ugly Truth, The (2009)",3.67,12
2464,"Collector, The (2009)",3.5,1
2465,"Perfect Getaway, A (2009)",4.0,1
2466,District 9 (2009),3.78,65
2467,Julie & Julia (2009),2.96,12
2468,Obsessed (2009),3.5,1
2469,Race to Witch Mountain (2009),3.5,2
2470,Hannah Montana: The Movie (2009),3.5,1
2471,G.I. Joe: The Rise of Cobra (2009),2.62,8
2472,12 Rounds (2009),3.0,3
2473,Max Manus (2008),5.0,1
2474,Lost in Austen (2008),3.67,3
2475,Evangelion: 1.0 You Are (Not) Alone (Evangerion shin gekijôban: Jo) (2007),3.83,3
2476,"Deal, The (2008)",2.0,1
2477,"Goods: Live Hard, Sell Hard, The (2009)",3.62,4
2478,"Time Traveler's Wife, The (2009)",3.9,5
2479,I Can't Think Straight (2007),4.0,1
2480,Miss March (2009),2.83,3
2481,"I Love You, Beth Cooper (2009)",2.5,1
2482,Paper Heart (2009),2.75,2
2483,G-Force (2009),3.5,1
2484,Tetro (2009),4.5,1
2485,Bronson (2009),3.83,3
2486,It Might Get Loud (2008),3.75,2
2487,My Life in Ruins (2009),2.0,1
2488,Taking Woodstock (2009),3.0,3
2489,Halloween II (2009),3.0,3
2490,"Secret in Their Eyes, The (El secreto de sus ojos) (2009)",3.86,7
2491,9 (2009),3.64,14
2492,Frequently Asked Questions About Time Travel (2009),3.6,5
2493,"White Ribbon, The (Das weiße Band) (2009)",4.5,1
2494,Green Lantern: First Flight (2009),3.5,1
2495,"Most Hated Family in America, The (2007)",4.5,2
2496,Pandorum (2009),3.4,5
2497,"Men Who Stare at Goats, The (2009)",3.39,9
2498,"Hunt For Gollum, The (2009)",3.0,1
2499,Jennifer's Body (2009),1.0,2
2500,"Informant!, The (2009)",3.67,3
2501,Extract (2009),2.0,2
2502,"Final Destination, The (Final Destination 4) (Final Destination in 3-D, The) (2009)",2.67,3
2503,Gamer (2009),3.43,7
2504,Cloudy with a Chance of Meatballs (2009),3.53,17
2505,Tyler Perry's I Can Do Bad All by Myself (2009),5.0,1
2506,"Food, Inc. (2008)",3.69,8
2507,Thirst (Bakjwi) (2009),4.0,3
2508,Bright Star (2009),3.5,1
2509,Blood Creek (a.k.a. Town Creek) (2009),3.0,1
2510,Paranormal Activity (2009),3.4,5
2511,World's Greatest Dad (2009),3.0,2
2512,Still Walking (Aruitemo aruitemo) (2008),1.0,1
2513,"Cove, The (2009)",4.25,4
2514,"Serious Man, A (2009)",3.23,11
2515,City Island (2009),4.0,1
2516,Ink (2009),3.5,1
2517,Metropia (2009),2.5,1
2518,"Haunted World of El Superbeasto, The (2009)",3.5,1
2519,Trick 'r Treat (2007),2.5,1
2520,Whip It (2009),3.1,5
2521,"Invention of Lying, The (2009)",2.33,6
2522,Surrogates (2009),3.04,14
2523,Zombieland (2009),3.88,53
2524,Assassination of a High School President (2008),1.0,1
2525,"Education, An (2009)",3.83,6
2526,Coco Before Chanel (Coco avant Chanel) (2009),4.0,1
2527,Burma VJ: Reporting from a Closed Country (Burma VJ: Reporter i et lukket land) (2008),3.5,1
2528,Couples Retreat (2009),3.33,3
2529,I Sell the Dead (2008),2.5,2
2530,Where the Wild Things Are (2009),2.67,12
2531,"New York, I Love You (2009)",3.5,4
2532,Law Abiding Citizen (2009),3.06,8
2533,"Misfortunates, The (De helaasheid der dingen) (2009)",3.0,1
2534,Mary and Max (2009),4.2,10
2535,Spread (2009),3.5,1
2536,"Tournament, The (2009)",2.5,1
2537,Up in the Air (2009),3.72,32
2538,Saw VI (2009),3.5,3
2539,Love Exposure (Ai No Mukidashi) (2008),5.0,1
2540,Cirque du Freak: The Vampire's Assistant (2009),2.0,1
2541,"Boondock Saints II: All Saints Day, The (2009)",3.38,4
2542,Black Dynamite (2009),3.5,2
2543,Welcome to Dongmakgol (2005),4.5,1
2544,Gentlemen Broncos (2009),2.25,2
2545,Fantastic Mr. Fox (2009),4.08,18
2546,"Christmas Carol, A (2009)",3.0,2
2547,Battlestar Galactica: The Plan (2009),4.25,2
2548,"Private Lives of Pippa Lee, The (2009)",3.5,1
2549,Partly Cloudy (2009),4.38,4
2550,2012 (2009),2.62,21
2551,Precious (2009),3.5,3
2552,Bad Lieutenant: Port of Call New Orleans (2009),2.25,2
2553,"Twilight Saga: New Moon, The (2009)",2.67,9
2554,Derailed (2002),0.5,1
2555,"Messenger, The (2009)",3.5,1
2556,Ninja Assassin (2009),4.17,3
2557,Cell 211 (Celda 211) (2009),4.5,1
2558,Teenage Mutant Ninja Turtles: Turtles Forever (2009),3.0,1
2559,Merry Madagascar (2009),3.0,1
2560,Brothers (2009),3.5,5
2561,Garage (2007),3.5,1
2562,"Blind Side, The  (2009)",3.68,31
2563,Shrink (2009),2.0,1
2564,Old Dogs (2009),0.5,1
2565,Planet 51 (2009),3.0,3
2566,Earthlings (2006),4.0,1
2567,"Single Man, A (2009)",3.83,3
2568,"Lovely Bones, The (2009)",3.17,3
2569,Invictus (2009),3.86,7
2570,"Princess and the Frog, The (2009)",3.75,12
2571,Did You Hear About the Morgans? (2009),3.0,1
2572,Alice (2009),4.0,1
2573,Avatar (2009),3.6,97
2574,It's Complicated (2009),2.75,4
2575,Sherlock Holmes (2009),3.85,58
2576,Crazy Heart (2009),4.1,5
2577,Alvin and the Chipmunks: The Squeakquel (2009),2.67,3
2578,American Pie Presents: The Book of Love (American Pie 7: The Book of Love) (2009),2.17,3
2579,Pontypool (2008),3.75,2
2580,Youth in Revolt (2009),3.0,5
2581,Daybreakers (2010),3.42,6
2582,Hachiko: A Dog's Story (a.k.a. Hachi: A Dog's Tale) (2009),3.5,2
2583,Leap Year (2010),2.4,5
2584,"Book of Eli, The (2010)",3.28,16
2585,"Girl Who Kicked the Hornet's Nest, The (Luftslottet som sprängdes) (2009)",4.2,5
2586,"Prophet, A (Un Prophète) (2009)",4.25,4
2587,Staten Island (2009),1.5,1
2588,"Maiden Heist, The (2009)",2.5,1
2589,Blood: The Last Vampire (2009),2.0,1
2590,Bart Got a Room (2008),3.5,1
2591,Robin-B-Hood (Bo bui gai wak) (2006),3.0,1
2592,"Concert, Le (2009)",3.0,1
2593,Ninja (2009),3.0,1
2594,Asterix at the Olympic Games (Astérix aux jeux olympiques) (2008),4.0,1
2595,"Chaser, The (Chugyeogja) (2008)",3.0,1
2596,"Dennis the Menace Christmas, A (2007)",1.5,1
2597,Undisputed II: Last Man Standing (2006),4.0,1
2598,3 Idiots (2009),4.75,2
2599,Legion (2010),2.83,3
2600,Stan Helsing (2009),1.0,2
2601,When in Rome (2010),2.5,4
2602,Triangle (2009),4.0,2
2603,I Love You Phillip Morris (2009),1.5,2
2604,Temple Grandin (2010),4.38,4
2605,"House of the Devil, The (2009)",4.0,1
2606,Valentine's Day (2010),2.67,3
2607,"Wolfman, The (2010)",2.25,2
2608,Shutter Island (2010),4.02,67
2609,Persuasion (2007),3.33,3
2610,"Girl Who Played with Fire, The (Flickan som lekte med elden) (2009)",4.25,4
2611,Percy Jackson & the Olympians: The Lightning Thief (2010),2.36,7
2612,Cop Out (2010),2.5,5
2613,"Ghost Writer, The (2010)",3.79,7
2614,"Secret of Kells, The (2009)",4.0,2
2615,"Spy Next Door, The (2010)",2.0,1
2616,Agora (2009),4.0,1
2617,Motherhood (2009),1.0,1
2618,District 13: Ultimatum (Banlieue 13 - Ultimatum) (2009),3.75,2
2619,"Yes Men Fix the World, The (2009)",4.0,1
2620,Mike Bassett: England Manager (2001),4.0,1
2621,"Crazies, The (2010)",3.38,4
2622,Dear John (2010),3.5,1
2623,Last Train Home (2009),3.0,1
2624,Tooth Fairy (2010),2.17,3
2625,[REC]² (2009),3.67,3
2626,"Room, The (2003)",3.67,3
2627,Alice in Wonderland (2010),2.88,28
2628,"Town Called Panic, A (Panique au village) (2009)",3.75,2
2629,Green Zone (2010),3.5,9
2630,From Paris with Love (2010),2.5,2
2631,Dorian Gray (2009),3.0,5
2632,Greenberg (2010),2.33,3
2633,She's Out of My League (2010),3.22,9
2634,Harry Brown (2009),4.0,2
2635,Remember Me (2010),4.0,1
2636,"Burrowers, The (2008)",3.0,1
2637,Frozen (2010),3.25,2
2638,Little Ashes (2008),2.5,1
2639,Our Family Wedding (2010),1.5,1
2640,"Bounty Hunter, The (2010)",2.75,6
2641,Leaves of Grass (2009),3.17,3
2642,Women in Trouble (2009),2.0,1
2643,Repo Men (2010),3.5,6
2644,Case 39 (2009),0.5,1
2645,Oceans (Océans) (2009),4.0,1
2646,"Slammin' Salmon, The (2009)",3.5,2
2647,Hot Tub Time Machine (2010),3.3,15
2648,Mother (Madeo) (2009),5.0,1
2649,How to Train Your Dragon (2010),3.94,53
2650,"Bone Man, The (Der Knochenmann) (2009)",4.5,1
2651,Micmacs (Micmacs à tire-larigot) (2009),3.75,2
2652,Clash of the Titans (2010),2.31,13
2653,Kick-Ass (2010),3.65,43
2654,Date Night (2010),3.32,11
2655,"Emperor's New Groove 2: Kronk's New Groove, The (2005)",4.5,1
2656,Steam of Life (Miesten vuoro) (2010),3.5,1
2657,Mortadelo & Filemon: The Big Adventure (La gran aventura de Mortadelo y Filemón) (2003),3.5,1
2658,American Drug War: The Last White Hope (2007),3.0,1
2659,"Runaways, The (2010)",3.5,1
2660,Wild China (2008),4.0,1
2661,Death at a Funeral (2010),3.25,2
2662,Valhalla Rising (2009),2.5,1
2663,Diary of a Wimpy Kid (2010),3.5,1
2664,"Union: The Business Behind Getting High, The (2007)",3.5,1
2665,Disgrace (2008),3.5,1
2666,"Losers, The (2010)",3.0,3
2667,"Last Song, The (2010)",3.5,1
2668,Cyrus (2010),2.5,1
2669,"Human Centipede, The (First Sequence) (2009)",0.5,1
2670,Exit Through the Gift Shop (2010),4.04,13
2671,Iron Man 2 (2010),3.51,47
2672,MacGruber (2010),3.0,1
2673,"Sky Crawlers, The (Sukai kurora) (2008)",2.5,1
2674,Cargo (2009),3.5,1
2675,"Nightmare on Elm Street, A (2010)",1.25,2
2676,Four Lions (2010),4.0,5
2677,St Trinian's 2: The Legend of Fritton's Gold (2009),2.0,1
2678,Robin Hood (2010),3.17,6
2679,Lovers & Leavers (Kuutamolla) (2002),3.5,1
2680,Merantau (2009),4.0,1
2681,Stingray Sam (2009),4.0,1
2682,Cemetery Junction (2010),3.5,1
2683,Blue Valentine (2010),2.8,5
2684,Killers (2010),2.25,2
2685,Buried (2010),3.5,4
2686,Shake Hands with the Devil (2007),2.5,1
2687,Prince of Persia: The Sands of Time (2010),2.88,13
2688,Please Give (2010),3.5,1
2689,Baarìa (2009),4.5,1
2690,Ricky Gervais Live: Animals (2003),3.5,1
2691,Sex and the City 2 (2010),1.0,2
2692,Get Him to the Greek (2010),3.55,10
2693,Unthinkable (2010),3.0,1
2694,"Back-up Plan, The (2010)",3.0,1
2695,Splice (2009),3.5,3
2696,Letters to Juliet (2010),2.83,3
2697,Exam (2009),3.8,5
2698,Jonah Hex (2010),1.88,4
2699,"A-Team, The (2010)",3.15,17
2700,Toy Story 3 (2010),4.11,55
2701,Ricky Gervais Live 3: Fame (2007),3.0,1
2702,Winter's Bone (2010),3.44,8
2703,Barking Dogs Never Bite (Flandersui gae) (2000),3.5,1
2704,Shrek Forever After (a.k.a. Shrek: The Final Chapter) (2010),3.57,7
2705,TiMER (2009),3.75,2
2706,Best Worst Movie (2009),4.0,1
2707,"Twilight Saga: Eclipse, The (2010)",2.45,10
2708,Enter the Void (2009),5.0,2
2709,"Last Airbender, The (2010)",1.92,6
2710,Endgame (2009),3.0,1
2711,Empire of Dreams: The Story of the 'Star Wars' Trilogy (2004),4.5,1
2712,South Park: Imaginationland (2008),4.0,8
2713,Predators (2010),3.3,10
2714,When You're Strange (2009),4.0,1
2715,Despicable Me (2010),3.68,38
2716,Inception (2010),4.07,143
2717,Grown Ups (2010),3.45,10
2718,"Sorcerer's Apprentice, The (2010)",3.45,10
2719,Knight and Day (2010),3.42,6
2720,"Karate Kid, The (2010)",2.5,8
2721,"Kids Are All Right, The (2010)",2.92,6
2722,"Serbian Film, A (Srpski film) (2010)",2.25,2
2723,Cherrybomb (2009),2.5,1
2724,Batman: Under the Red Hood (2010),3.67,3
2725,Salt (2010),2.97,15
2726,"No. 1 Ladies' Detective Agency, The (2008)",3.0,1
2727,Mr. Nobody (2009),4.14,7
2728,Dinner for Schmucks (2010),3.29,7
2729,Deadly Outlaw: Rekka (a.k.a. Violent Fire) (Jitsuroku Andô Noboru kyôdô-den: Rekka) (2002),4.0,1
2730,Hellsinki (Rööperi) (2009),3.0,1
2731,Ip Man 2 (2010),3.0,5
2732,Ramona and Beezus (2010),2.5,1
2733,"Rebound, The (2009)",2.5,1
2734,"Other Guys, The (2010)",3.26,21
2735,"Two Escobars, The (2010)",3.5,1
2736,Paper Man (2009),4.0,1
2737,"Expendables, The (2010)",3.06,17
2738,Scott Pilgrim vs. the World (2010),3.7,44
2739,I Killed My Mother (J'ai tué ma mère) (2009),3.5,2
2740,Heartless (2009),2.5,1
2741,Piranha (Piranha 3D) (2010),2.17,3
2742,"Extraordinary Adventures of Adèle Blanc-Sec, The (2010)",2.5,1
2743,Get Low (2009),5.0,1
2744,"Joneses, The (2009)",3.5,1
2745,"Last Exorcism, The (2010)",4.0,1
2746,Sisters (Syostry) (2001),5.0,1
2747,"American, The (2010)",2.62,4
2748,Jackass 2.5 (2007),4.17,3
2749,"Horde, The (La Horde) (2009)",2.5,1
2750,"Switch, The (2010)",2.67,6
2751,Machete (2010),3.25,12
2752,Going the Distance (2010),3.17,3
2753,Resident Evil: Afterlife (2010),3.14,7
2754,Princess (Prinsessa) (2010),2.5,1
2755,"Social Network, The (2010)",3.89,57
2756,"Town, The (2010)",3.95,22
2757,Easy A (2010),3.8,27
2758,Eat Pray Love (2010),3.5,2
2759,Howl (2010),3.5,1
2760,I'm Still Here (2010),4.0,1
2761,"Patrik Age 1.5 (Patrik 1,5) (2008)",4.0,1
2762,Flipped (2010),3.83,3
2763,Wall Street: Money Never Sleeps (2010),3.17,3
2764,Legend of the Guardians: The Owls of Ga'Hoole (2010),4.0,2
2765,It's Kind of a Funny Story (2010),3.19,8
2766,Middle Men (2009),3.25,2
2767,Let Me In (2010),3.86,7
2768,Sintel (2010),3.5,1
2769,Secretariat (2010),2.5,1
2770,Devil (2010),3.25,2
2771,You Again (2010),3.5,1
2772,Life as We Know It (2010),3.0,6
2773,Catfish (2010),3.67,3
2774,You Will Meet a Tall Dark Stranger (2010),3.5,1
2775,Stone (2010),3.25,2
2776,Inside Job (2010),4.29,12
2777,Monsters (2010),3.5,1
2778,Never Let Me Go (2010),4.0,3
2779,"Illusionist, The (L'illusionniste) (2010)",3.0,3
2780,Luck by Chance (2009),4.5,1
2781,Rubber (2010),3.75,2
2782,Jackass 3D (2010),3.92,6
2783,Restrepo (2010),3.17,3
2784,Waiting for 'Superman' (2010),4.0,1
2785,Red (2010),3.5,20
2786,In a Better World (Hævnen) (2010),3.5,1
2787,Heartbreaker (L'Arnacoeur) (2010),2.5,1
2788,Paranormal Activity 2 (2010),3.7,5
2789,Heartbeats (Les amours imaginaires) (2010),3.0,2
2790,Hereafter (2010),4.0,1
2791,Undisputed III: Redemption (2010),4.0,1
2792,Saw VII 3D - The Final Chapter (2010),4.5,1
2793,Due Date (2010),3.1,10
2794,127 Hours (2010),3.83,18
2795,Megamind (2010),3.6,20
2796,Black Swan (2010),3.63,42
2797,Unstoppable (2010),3.36,7
2798,Morning Glory (2010),2.67,6
2799,Certified Copy (Copie conforme) (2010),4.0,1
2800,"Next Three Days, The (2010)",3.86,7
2801,Somewhere (2010),3.0,1
2802,Biutiful (2010),4.25,2
2803,"First Beautiful Thing, The (La prima cosa bella) (2010)",4.0,1
2804,Harry Potter and the Deathly Hallows: Part 1 (2010),3.99,47
2805,"King's Speech, The (2010)",4.04,58
2806,Tangled (2010),3.92,24
2807,"Art of the Steal, The (2009)",4.0,2
2808,"Fighter, The (2010)",3.76,23
2809,"Romantics, The (2010)",3.0,1
2810,"Loved Ones, The (2009)",4.25,2
2811,Casino Jack (2010),4.0,2
2812,Vincent Wants to Sea (Vincent will meer) (2010),3.0,1
2813,London Boulevard (2010),1.5,1
2814,Skyline (2010),0.5,1
2815,Beastly (2011),3.5,1
2816,Love and Other Drugs (2010),2.79,7
2817,"Chronicles of Narnia: The Voyage of the Dawn Treader, The (2010)",3.86,7
2818,"Tourist, The (2010)",2.71,7
2819,Rare Exports: A Christmas Tale (Rare Exports) (2010),4.25,2
2820,Hatchet II (2010),4.5,1
2821,All Good Things (2010),3.75,2
2822,True Grit (2010),3.75,28
2823,Tron: Legacy (2010),3.24,19
2824,How Do You Know (2010),2.67,3
2825,Barney's Version (2010),4.0,1
2826,"Company Men, The (2010)",2.5,1
2827,I Saw the Devil (Akmareul boatda) (2010),3.88,4
2828,Trash Humpers (2009),0.5,1
2829,Faster (2010),5.0,1
2830,Little Big Soldier (Da bing xiao jiang) (2010),3.5,1
2831,Rabbit Hole (2010),3.5,1
2832,Little Fockers (2010),1.83,6
2833,Gulliver's Travels (2010),1.83,6
2834,Sweetgrass (2009),4.5,1
2835,Burlesque (2010),2.5,1
2836,"Secret World of Arrietty, The (Kari-gurashi no Arietti) (2010)",3.5,4
2837,Tucker & Dale vs Evil (2010),3.92,18
2838,Yogi Bear (2010),1.17,3
2839,Made in Dagenham (2010),2.0,1
2840,"Green Hornet, The (2011)",3.0,11
2841,"Way Back, The (2010)",4.0,1
2842,"Warrior's Way, The (2010)",3.5,1
2843,Season of the Witch (2011),3.5,1
2844,Amer (2009),0.5,1
2845,Cowboys & Aliens (2011),3.0,9
2846,Anything for Her (Pour elle) (2008),2.5,1
2847,Day & Night (2010),4.1,5
2848,Marwencol (2010),4.25,2
2849,"Dilemma, The (2011)",2.5,2
2850,"Trip, The (2010)",4.0,1
2851,Limitless (2011),3.95,30
2852,Happy People: A Year in the Taiga (2010),4.5,1
2853,Evangelion: 2.0 You Can (Not) Advance (Evangerion shin gekijôban: Ha) (2009),3.5,3
2854,I Spit on Your Grave (2010),3.75,2
2855,Even the Rain (También la lluvia) (2010),4.0,1
2856,Zeitgeist: Moving Forward (2011),5.0,1
2857,No Strings Attached (2011),2.93,14
2858,"Lincoln Lawyer, The (2011)",3.6,10
2859,All-Star Superman (2011),4.25,2
2860,Unknown (2011),3.33,6
2861,Cedar Rapids (2011),2.25,2
2862,Gnomeo & Juliet (2011),3.0,1
2863,Burke and Hare (2010),4.0,1
2864,Castaway on the Moon (Kimssi pyoryugi) (2009),4.0,1
2865,Paul (2011),3.2,15
2866,Brother 2 (Brat 2) (2000),4.5,1
2867,Emma (2009),2.5,2
2868,Drive Angry (2011),3.75,2
2869,Rango (2011),3.62,17
2870,Take Me Home Tonight (2011),2.5,1
2871,Confessions (Kokuhaku) (2010),4.0,1
2872,"Adjustment Bureau, The (2011)",3.17,21
2873,"Mechanic, The (2011)",3.38,4
2874,Hall Pass (2011),3.12,4
2875,"Eagle, The (2011)",2.0,1
2876,I Am Number Four (2011),3.1,5
2877,Battle: Los Angeles (2011),2.38,4
2878,Summer Wars (Samâ wôzu) (2009),3.83,3
2879,"Sunset Limited, The (2011)",4.0,1
2880,Mars Needs Moms (2011),3.5,1
2881,Scooby-Doo! Curse of the Lake Monster (2010),5.0,1
2882,Elite Squad: The Enemy Within (Tropa de Elite 2 - O Inimigo Agora É Outro) (2010),4.36,7
2883,Mesrine: Public Enemy #1 (L'ennemi public n°1) (2008),3.5,3
2884,Just Go with It (2011),3.21,7
2885,Cave of Forgotten Dreams (2010),3.0,1
2886,Red Riding Hood (2011),3.5,2
2887,"Big Mommas: Like Father, Like Son (2011)",1.0,1
2888,Super (2010),2.9,5
2889,"Troll Hunter, The (Trolljegeren) (2010)",3.75,2
2890,Source Code (2011),3.6,34
2891,Jane Eyre (2011),3.0,1
2892,Sucker Punch (2011),3.12,12
2893,BURN-E (2008),4.5,3
2894,Senna (2010),3.75,6
2895,Family Guy Presents: It's a Trap (2010),3.58,6
2896,Insidious (2010),2.67,3
2897,Hobo with a Shotgun (2011),2.38,4
2898,Win Win (2011),3.75,6
2899,Room in Rome (Habitación en Roma) (2010),2.75,2
2900,Boy (2010),4.0,1
2901,Diary of a Wimpy Kid: Rodrick Rules (2011),3.5,1
2902,Henry's Crime (2010),2.0,1
2903,Hop (2011),2.75,2
2904,Playing the Victim (Izobrazhaya zhertvu) (2006),4.0,1
2905,Films to Keep You Awake: The Christmas Tale (Películas para no dormir: Cuento de navidad) (2005),0.5,1
2906,13 Assassins (Jûsan-nin no shikaku) (2010),4.0,4
2907,Hanna (2011),3.32,11
2908,Into Eternity (2010),3.5,1
2909,American: The Bill Hicks Story (2009),4.0,3
2910,Arthur (2011),3.0,6
2911,Scream 4 (2011),2.67,3
2912,Rio (2011),3.12,8
2913,Melancholia (2011),3.07,7
2914,Thor (2011),3.51,34
2915,Louis C.K.: Hilarious (2010),4.06,9
2916,Louis C.K.: Chewed Up (2008),3.29,7
2917,Atlas Shrugged: Part 1 (2011),2.0,1
2918,Louis C.K.: Shameless (2007),4.0,7
2919,Mildred Pierce (2011),4.5,1
2920,Voices from the List (2004),4.3,5
2921,Water for Elephants (2011),3.38,4
2922,African Cats (2011),2.5,1
2923,Kill the Irishman (2011),4.0,2
2924,"Fast Five (Fast and the Furious 5, The) (2011)",3.05,10
2925,Louis Theroux: Law & Disorder (2008),5.0,1
2926,Idiots and Angels (2008),5.0,1
2927,Incendies (2010),4.4,5
2928,Soul Surfer (2011),3.5,1
2929,Something Borrowed (2011),3.25,2
2930,Bridesmaids (2011),3.76,21
2931,Priest (2011),3.0,3
2932,Pirates of the Caribbean: On Stranger Tides (2011),3.23,24
2933,Midnight in Paris (2011),3.56,25
2934,The Man from Nowhere (2010),4.5,3
2935,"Tree of Life, The (2011)",4.0,2
2936,"Hangover Part II, The (2011)",3.27,15
2937,Nothing to Declare (Rien à déclarer) (2010),4.0,1
2938,Across the Hall (2009),2.0,1
2939,"Roommate, The (2011)",2.0,1
2940,Attack the Block (2011),3.5,6
2941,The Way (2010),3.5,2
2942,Let the Bullets Fly (2010),3.0,1
2943,Kung Fu Panda 2 (2011),3.32,17
2944,X-Men: First Class (2011),3.79,43
2945,Submarine (2010),4.17,3
2946,American Grindhouse (2010),4.0,1
2947,Everything Must Go (2010),2.67,3
2948,Beginners (2010),3.62,4
2949,Super 8 (2011),3.6,21
2950,Green Lantern (2011),2.35,10
2951,Elektra Luxx (2010),2.5,2
2952,Mr. Popper's Penguins (2011),2.7,5
2953,Bad Teacher (2011),2.89,9
2954,Transformers: Dark of the Moon (2011),2.36,11
2955,Larry Crowne (2011),2.75,2
2956,Your Highness (2011),3.11,9
2957,Too Big to Fail (2011),4.5,1
2958,Takers (2010),2.75,2
2959,My Life as McDull (Mak dau goo si) (2001),5.0,1
2960,Zookeeper (2011),2.75,4
2961,Horrible Bosses (2011),3.44,24
2962,Cars 2 (2011),3.17,3
2963,Between the Folds (2008),3.0,1
2964,Delhi Belly (2011),4.0,1
2965,Upside Down: The Creation Records Story (2010),3.0,1
2966,Monte Carlo (2011),3.0,1
2967,Harry Potter and the Deathly Hallows: Part 2 (2011),3.91,50
2968,Drive (2011),3.77,32
2969,Captain America: The First Avenger (2011),3.55,32
2970,"Crazy, Stupid, Love. (2011)",3.98,31
2971,One Day (2011),3.5,1
2972,"Guard, The (2011)",3.62,4
2973,Winnie the Pooh (2011),3.0,1
2974,"Woman, The (2011)",3.5,2
2975,Mike's New Car (2002),4.0,1
2976,"Smurfs, The (2011)",1.88,4
2977,Friends with Benefits (2011),3.05,20
2978,Paper Birds (Pájaros de papel) (2010),5.0,1
2979,Blitz (2011),3.0,1
2980,"Yellow Sea, The (a.k.a. The Murderer) (Hwanghae) (2010)",2.5,1
2981,Our Idiot Brother (2011),3.25,2
2982,Death Race 2 (2010),3.5,2
2983,Rise of the Planet of the Apes (2011),3.46,27
2984,Terri (2011),3.5,2
2985,"Change-Up, The (2011)",2.85,10
2986,"Help, The (2011)",3.83,21
2987,30 Minutes or Less (2011),2.67,6
2988,My Afternoons with Margueritte (La tête en friche) (2010),3.0,1
2989,Final Destination 5 (2011),4.5,1
2990,"Very Harold & Kumar 3D Christmas, A (2011)",3.25,2
2991,Don't Be Afraid of the Dark (2010),3.0,2
2992,Fright Night (2011),3.25,2
2993,Another Earth (2011),4.5,1
2994,Hesher (2010),4.0,1
2995,Stake Land (2010),4.0,1
2996,"Debt, The (2011)",2.5,1
2997,Colombiana (2011),2.5,6
2998,Bill Cunningham New York (2011),4.5,1
2999,"Skin I Live In, The (La piel que habito) (2011)",3.0,4
3000,Conan the Barbarian (2011),1.75,2
3001,Walled In (2009),3.5,1
3002,Birdemic: Shock and Terror (2010),3.5,1
3003,"Inbetweeners Movie, The (2011)",3.67,3
3004,Red State (2011),3.0,1
3005,Pearl Jam Twenty (2011),0.5,1
3006,I Don't Know How She Does It (2011),1.5,1
3007,Shark Night 3D (2011),1.5,1
3008,Contagion (2011),3.71,12
3009,Moneyball (2011),3.88,26
3010,Neds (2010),4.0,1
3011,Cold Fish (Tsumetai nettaigyo) (2010),4.5,2
3012,Phineas and Ferb the Movie: Across the 2nd Dimension (2011),3.5,1
3013,Northanger Abbey (2007),4.0,1
3014,"Avengers, The (2012)",3.87,69
3015,Tinker Tailor Soldier Spy (2011),3.81,8
3016,"Separation, A (Jodaeiye Nader az Simin) (2011)",4.33,3
3017,"Dangerous Method, A (2011)",3.0,2
3018,Warrior (2011),3.73,11
3019,"Ides of March, The (2011)",3.22,9
3020,Kill List (2011),4.5,1
3021,Killer Elite (2011),2.83,3
3022,Bellflower (2011),3.5,1
3023,50/50 (2011),3.63,19
3024,Generation P (2011),3.5,1
3025,The Artist (2011),4.05,11
3026,BlinkyTM (2011),3.0,1
3027,Take Shelter (2011),3.75,2
3028,Real Steel (2011),3.0,6
3029,Footloose (2011),2.75,2
3030,"Thing, The (2011)",3.5,4
3031,Beautiful Boy (2010),4.0,1
3032,Tyrannosaur (2011),3.5,1
3033,Martha Marcy May Marlene (2011),3.75,2
3034,We Need to Talk About Kevin (2011),3.5,4
3035,Behind Enemy Lines II: Axis of Evil (2006),2.0,1
3036,"Three Musketeers, The (2011)",3.17,3
3037,In Time (2011),3.39,14
3038,Margaret (2011),3.0,1
3039,Carnage (2011),4.0,4
3040,Margin Call (2011),3.79,7
3041,Paranormal Activity 3 (2011),3.5,2
3042,Puncture (2011),3.0,2
3043,Johnny English Reborn (2011),3.0,6
3044,Abduction (2011),3.5,1
3045,This Must Be the Place (2011),3.5,1
3046,Shame (2011),3.75,4
3047,What's Your Number? (2011),4.5,1
3048,Headhunters (Hodejegerne) (2011),3.6,5
3049,Batman: Year One (2011),3.67,3
3050,Miss Representation (2011),3.5,1
3051,Puss in Boots (2011),3.56,8
3052,Tower Heist (2011),3.5,4
3053,J. Edgar (2011),2.5,1
3054,"Double, The (2011)",1.5,1
3055,"Adventures of Tintin, The (2011)",3.5,12
3056,Starsuckers (2009),4.0,1
3057,Tomboy (2011),3.0,1
3058,George Harrison: Living in the Material World (2011),4.0,1
3059,Hugo (2011),3.75,18
3060,Immortals (2011),2.67,3
3061,Jack and Jill (2011),2.3,5
3062,Into the Abyss (2011),5.0,1
3063,"Descendants, The (2011)",4.0,11
3064,Like Crazy (2011),2.5,2
3065,"Muppets, The (2011)",2.6,10
3066,"Twilight Saga: Breaking Dawn - Part 1, The (2011)",2.21,7
3067,War Horse (2011),3.0,3
3068,"Rum Diary, The (2011)",3.58,6
3069,Lifted (2006),4.0,1
3070,Hipsters (Stilyagi) (2008),3.5,1
3071,Another Cinderella Story (2008),2.5,1
3072,Bunraku (2010),1.5,1
3073,"Sitter, The (2011)",2.9,5
3074,Extremely Loud and Incredibly Close (2011),2.75,2
3075,Play the Game (2009),4.0,1
3076,Asterix and the Vikings (Astérix et les Vikings) (2006),5.0,1
3077,Happy Feet Two (2011),5.0,1
3078,Arthur Christmas (2011),0.5,1
3079,Violet & Daisy (2011),3.0,2
3080,Bullet to the Head (2012),1.5,1
3081,"Expendables 2, The (2012)",3.5,10
3082,The Hunger Games (2012),3.44,54
3083,"Dark Knight Rises, The (2012)",3.99,76
3084,"Bourne Legacy, The (2012)",3.14,18
3085,Sherlock Holmes: A Game of Shadows (2011),3.76,38
3086,Coriolanus (2011),2.5,1
3087,Young Adult (2011),2.25,2
3088,New Year's Eve (2011),2.0,3
3089,Mission: Impossible - Ghost Protocol (2011),3.66,22
3090,We Bought a Zoo (2011),3.3,5
3091,"Girl with the Dragon Tattoo, The (2011)",3.49,42
3092,"Darkest Hour, The (2011)",2.5,2
3093,Alvin and the Chipmunks: Chipwrecked (2011),1.0,2
3094,Salvation Boulevard (2011),1.5,1
3095,Friends with Kids (2011),3.67,3
3096,Girl Walks Into a Bar (2011),4.5,1
3097,Contraband (2012),3.0,2
3098,Being Elmo: A Puppeteer's Journey (2011),3.5,1
3099,Joyful Noise (2012),1.5,1
3100,"Iron Lady, The (2011)",3.0,1
3101,Albatross (2011),2.5,1
3102,"Revenant, The (2009)",4.5,1
3103,Underworld: Awakening (2012),3.8,5
3104,"Grey, The (2012)",2.92,6
3105,Man on a Ledge (2012),3.17,3
3106,Sacrifice (Zhao shi gu er) (2010),2.5,1
3107,Haywire (2011),2.83,3
3108,Contact High (2009),3.0,1
3109,"Whistleblower, The (2010)",3.25,2
3110,Einstein and Eddington (2008),3.5,1
3111,Apollo 18 (2011),2.0,1
3112,Seeking Justice (2011),2.0,1
3113,Red Tails (2012),1.5,1
3114,"Flowers of War, The (Jin líng shí san chai) (2011)",4.5,1
3115,Intouchables (2011),4.11,37
3116,One for the Money (2012),2.0,2
3117,"Innkeepers, The (2011)",2.75,2
3118,Grave Encounters (2011),3.17,3
3119,Chronicle (2012),3.38,8
3120,"Woman in Black, The (2012)",3.75,2
3121,Woman in Love (Rubbeldiekatz) (2011),1.0,1
3122,"Art of Getting By, The (2011)",3.0,2
3123,All Watched Over by Machines of Loving Grace (2011),4.25,2
3124,Dylan Moran: Monster (2004),5.0,1
3125,Safe House (2012),3.38,4
3126,"Vow, The (2012)",2.67,3
3127,Louis C.K.: Live at the Beacon Theater (2011),4.3,10
3128,Monsieur Lazhar (2011),4.5,2
3129,"For a Good Time, Call... (2012)",2.5,1
3130,Janie Jones (2010),2.5,1
3131,Journey 2: The Mysterious Island (2012),0.5,1
3132,Perfect Sense (2011),4.25,2
3133,Rollo and the Woods Sprite (Rölli ja metsänhenki) (2001),2.0,1
3134,Ghost Rider: Spirit of Vengeance (2012),1.6,5
3135,Prayers for Bobby (2009),3.5,1
3136,"Very Potter Musical, A (2009)",4.25,2
3137,"Very Potter Sequel, A (2010)",5.0,1
3138,Miss Nobody (2010),5.0,1
3139,"Women on the 6th Floor, The (Les Femmes du 6ème Étage) (2010)",3.5,1
3140,Mega Shark vs. Crocosaurus (2010),1.5,1
3141,Red Hill (2010),3.0,1
3142,Gone (2012),1.5,1
3143,Project X (2012),2.06,8
3144,Dr. Seuss' The Lorax (2012),3.1,5
3145,"Big Year, The (2011)",3.75,4
3146,Act of Valor (2012),3.75,2
3147,This Means War (2012),2.64,11
3148,John Carter (2012),3.09,11
3149,Goon (2011),3.25,4
3150,"Ledge, The (2011)",2.5,1
3151,21 Jump Street (2012),3.87,26
3152,"Jeff, Who Lives at Home (2012)",4.0,1
3153,Lockout (2012),3.17,3
3154,"Snowtown (Snowtown Murders, The) (2011)",2.5,1
3155,Space Battleship Yamato (2010),3.0,1
3156,Jiro Dreams of Sushi (2011),4.1,5
3157,Damsels in Distress (2011),2.25,2
3158,Salmon Fishing in the Yemen (2011),1.5,1
3159,Wrath of the Titans (2012),2.62,4
3160,Detachment (2011),4.0,1
3161,Iron Sky (2012),3.75,2
3162,Absentia (2011),3.5,1
3163,American Reunion (American Pie 4) (2012),2.62,4
3164,The Raid: Redemption (2011),4.33,9
3165,"Cabin in the Woods, The (2012)",4.02,22
3166,God Bless America (2011),4.5,1
3167,"Three Stooges, The (2012)",1.25,2
3168,"Raven, The (2012)",2.0,1
3169,North & South (2004),4.5,1
3170,"Big Bang, The (2011)",1.5,1
3171,Mirror Mirror (2012),3.0,4
3172,Battleship (2012),2.33,3
3173,"Best Exotic Marigold Hotel, The (2011)",3.88,4
3174,Comic-Con Episode IV: A Fan's Hope (2011),2.0,1
3175,Bully (2011),3.5,2
3176,Hysteria (2011),4.0,2
3177,Dante's Inferno: An Animated Epic (2010),3.0,1
3178,"Five-Year Engagement, The (2012)",2.5,4
3179,Think Like a Man (2012),2.5,2
3180,"Lucky One, The (2012)",4.0,1
3181,Safe (2012),3.5,2
3182,Dark Shadows (2012),2.5,6
3183,96 Minutes (2011) ,2.5,1
3184,"Decoy Bride, The (2011)",3.67,3
3185,Rocket Singh: Salesman of the Year (2009),4.0,1
3186,"Dictator, The (2012)",3.56,17
3187,Walking with Monsters (2005),4.0,1
3188,Men in Black III (M.III.B.) (M.I.B.³) (2012),3.28,18
3189,Snow White and the Huntsman (2012),2.83,6
3190,Sound of My Voice (2011),3.5,1
3191,Eva (2011),5.0,1
3192,"Pirates! Band of Misfits, The (2012)",3.33,3
3193,Prometheus (2012),3.3,27
3194,"Pact, The (2012)",3.5,1
3195,Bernie (2011),3.5,2
3196,Inhale (2010),2.5,1
3197,Take This Waltz (2011),3.5,1
3198,Wanderlust (2012),3.0,5
3199,Moonrise Kingdom (2012),3.78,29
3200,Get the Gringo (2012),3.83,3
3201,Superman/Doomsday (2007) ,4.0,1
3202,"Thousand Words, A (2012)",2.83,3
3203,Safety Not Guaranteed (2012),3.75,6
3204,Madagascar 3: Europe's Most Wanted (2012),3.39,9
3205,Your Sister's Sister (2011),4.0,1
3206,Superman/Batman: Public Enemies (2009),5.0,1
3207,Brave (2012),3.47,30
3208,Front of the Class (2008),5.0,1
3209,What to Expect When You're Expecting (2012),3.0,1
3210,To Rome with Love (2012),3.0,1
3211,Abraham Lincoln: Vampire Hunter (2012),2.75,6
3212,First Position (2011),3.5,1
3213,Rock of Ages (2012),2.75,4
3214,Seeking a Friend for the End of the World (2012),4.17,3
3215,Presto (2008),5.0,1
3216,Jack-Jack Attack (2005),4.5,1
3217,One Man Band (2005),3.83,3
3218,Ted (2012),3.29,21
3219,Magic Mike (2012),2.7,5
3220,Cleanskin (2012),3.5,1
3221,"Amazing Spider-Man, The (2012)",3.25,30
3222,Ice Age 4: Continental Drift (2012),2.92,6
3223,Beasts of the Southern Wild (2012),3.36,7
3224,Savages (2012),2.75,2
3225,"Firm, The (2009)",3.0,1
3226,Spirit Camp (2009),4.5,1
3227,Some Guy Who Kills People (2011),4.5,1
3228,Treasure Island (2012),2.0,1
3229,"Watch, The (2012)",3.0,9
3230,2 Days in New York (2012),2.5,1
3231,Killer Joe (2011),4.5,1
3232,Anaconda: The Offspring (2008),0.5,1
3233,For the Birds (2000),3.9,5
3234,Ruby Sparks (2012),3.5,4
3235,Total Recall (2012),3.19,8
3236,"Angels' Share, The (2012)",4.0,1
3237,"Immature, The (Immaturi) (2011)",3.5,1
3238,Sidewalls (Medianeras) (2011),3.67,3
3239,Skyfall (2012),3.81,50
3240,"Campaign, The (2012)",3.44,9
3241,Brake (2012),2.0,1
3242,Hope Springs (2012),1.0,1
3243,"Queen of Versailles, The (2012)",2.0,1
3244,ParaNorman (2012),3.5,2
3245,Diary of a Wimpy Kid: Dog Days (2012),3.0,1
3246,Broken (2012),4.5,1
3247,6 Days to Air: The Making of South Park (2011),4.0,1
3248,Premium Rush (2012),3.2,5
3249,"Odd Life of Timothy Green, The (2012)",5.0,1
3250,Lawless (2012),3.62,4
3251,Piranha 3DD (a.k.a. Piranha DD) (2012),2.17,3
3252,Searching for Sugar Man (2012),4.25,4
3253,Prime Suspect 6: The Last Witness (2003),3.0,1
3254,Conception (2011),2.5,1
3255,Paradise Lost 3: Purgatory (2011),4.0,1
3256,"Words, The (2012)",4.0,1
3257,Pitch Perfect (2012),3.62,20
3258,Samsara (2011),3.83,3
3259,Looper (2012),3.64,32
3260,That's My Boy (2012),2.5,3
3261,Robot & Frank (2012),3.0,3
3262,Resident Evil: Retribution (2012),3.75,2
3263,Lola Versus (2012),1.5,1
3264,"Master, The (2012)",3.92,6
3265,Dredd (2012),3.71,14
3266,End of Watch (2012),3.92,6
3267,V/H/S (2012),2.75,2
3268,"Perks of Being a Wallflower, The (2012)",3.82,20
3269,"Hunt, The (Jagten) (2012)",4.3,10
3270,Holy Motors (2012),5.0,1
3271,Taken 2 (2012),3.29,7
3272,House at the End of the Street (2012),4.0,1
3273,My Left Eye Sees Ghosts (Ngo joh aan gin diy gwai) (2002),5.0,1
3274,Love Lasts Three Years (L'amour dure trois ans) (2011),3.5,1
3275,"Tall Man, The (2012)",1.5,1
3276,LOL (2012),3.5,1
3277,Rust and Bone (De rouille et d'os) (2012),0.5,1
3278,Marley (2012),3.5,2
3279,Frankenweenie (2012),2.5,2
3280,Sinister (2012),4.0,1
3281,Hotel Transylvania (2012),3.41,11
3282,Side by Side (2012),3.0,1
3283,Argo (2012),3.98,28
3284,Seven Psychopaths (2012),3.47,15
3285,Liberal Arts (2012),3.0,1
3286,Catch .44 (2011),1.25,2
3287,[REC]³ 3 Génesis (2012),3.0,2
3288,Asterix & Obelix: God Save Britannia (Astérix et Obélix: Au service de Sa Majesté) (2012),2.5,1
3289,Paranormal Activity 4 (2012),3.0,1
3290,Alex Cross (2012),1.5,1
3291,Cloud Atlas (2012),3.74,19
3292,'Hellboy': The Seeds of Creation (2004),4.0,1
3293,Silent Hill: Revelation 3D (2012),3.0,1
3294,Here Comes the Boom (2012),2.57,7
3295,Mental (2012),2.0,1
3296,Killing Them Softly (2012),3.12,4
3297,"Imposter, The (2012)",4.75,2
3298,"Sessions, The (Surrogate, The) (2012)",4.0,1
3299,Smashed (2012),4.0,1
3300,Wreck-It Ralph (2012),3.75,22
3301,Silver Linings Playbook (2012),3.72,30
3302,Flight (2012),3.5,9
3303,Anna Karenina (2012),3.0,1
3304,Life of Pi (2012),3.63,31
3305,"Man with the Iron Fists, The (2012)",2.5,1
3306,"Bay, The (2012)",2.5,1
3307,Himizu (2011),3.5,1
3308,Jackass 3.5 (2011),4.0,2
3309,Indie Game: The Movie (2012),3.0,2
3310,"Batman: The Dark Knight Returns, Part 1 (2012)",3.93,7
3311,Lincoln (2012),4.5,4
3312,Nature Calls (2012),1.5,1
3313,Vamps (2012),1.5,1
3314,"Twilight Saga: Breaking Dawn - Part 2, The (2012)",1.88,4
3315,10 Years (2011),3.5,1
3316,Red Dawn (2012),2.25,2
3317,Rise of the Guardians (2012),3.79,12
3318,"Fantastic Fear of Everything, A (2012)",4.0,2
3319,Deadfall (2012),1.5,1
3320,Byzantium (2012),4.0,1
3321,Paperman (2012),4.38,8
3322,Hitchcock (2012),3.5,5
3323,From Up on Poppy Hill (Kokuriko-zaka kara) (2011),4.5,1
3324,Redline (2009),4.5,1
3325,"Liar's Autobiography: The Untrue Story of Monty Python's Graham Chapman, A (2012)",2.5,1
3326,"Hobbit: An Unexpected Journey, The (2012)",3.81,40
3327,Hyde Park on Hudson (2012),2.0,1
3328,How to Make Love to a Woman (2010),1.5,1
3329,Zero Dark Thirty (2012),4.11,14
3330,Fire with Fire (2012),1.5,1
3331,Warm Bodies (2013),3.5,14
3332,Wrong (2012),4.0,1
3333,Playing for Keeps (2012),3.0,1
3334,"Guilt Trip, The (2012)",2.5,3
3335,Jack Reacher (2012),3.42,12
3336,Django Unchained (2012),3.94,71
3337,This Is 40 (2012),3.12,8
3338,"Impossible, The (Imposible, Lo) (2012)",3.67,3
3339,"Misérables, Les (2012)",3.5,7
3340,Parental Guidance (2012),2.0,1
3341,John Dies at the End (2012),4.0,2
3342,"Misérables, Les (2000)",2.25,2
3343,Promised Land (2012),3.0,1
3344,English Vinglish (2012),5.0,1
3345,Fish Story (Fisshu sutôrî) (2009),3.0,1
3346,Texas Chainsaw 3D (2013),1.5,1
3347,Gangster Squad (2013),3.33,3
3348,"Iceman, The (2012)",3.5,1
3349,It's Such a Beautiful Day (2012),4.25,2
3350,"Batman: The Dark Knight Returns, Part 2 (2013)",3.88,8
3351,Everything or Nothing: The Untold Story of 007 (2012),3.0,1
3352,Codependent Lesbian Space Alien Seeks Same (2011),4.0,1
3353,"Last Stand, The (2013)",3.25,2
3354,Upstream Color (2013),3.17,3
3355,Shadow Dancer (2012),3.0,1
3356,Human Planet (2011),4.0,1
3357,Comme un chef (2012),3.5,1
3358,Movie 43 (2013),3.5,3
3359,"Pervert's Guide to Ideology, The (2012)",3.5,1
3360,Sightseers (2012),4.5,1
3361,Hansel & Gretel: Witch Hunters (2013),2.9,5
3362,Jim Jefferies: Fully Functional (EPIX) (2012),4.5,1
3363,Why Stop Now (2012),1.5,1
3364,Tabu (2012),4.0,1
3365,Upside Down (2012),3.0,1
3366,"Liability, The (2012)",3.0,1
3367,Stand Up Guys (2012),2.5,1
3368,Side Effects (2013),3.92,6
3369,Identity Thief (2013),2.88,4
3370,"ABCs of Death, The (2012)",3.5,1
3371,Beautiful Creatures (2013),2.0,1
3372,"Good Day to Die Hard, A (2013)",2.08,6
3373,21 and Over (2013),3.62,4
3374,Safe Haven (2013),4.0,1
3375,Frozen Planet (2011),4.5,2
3376,"Act of Killing, The (2012)",5.0,1
3377,Universal Soldier: Day of Reckoning (2012),4.0,1
3378,Escape from Planet Earth (2013),4.0,2
3379,Before Midnight (2013),3.5,3
3380,Snitch (2013),3.5,1
3381,Dark Skies (2013),3.0,2
3382,Oh Boy (A Coffee in Berlin) (2012),3.5,1
3383,Journey to the West: Conquering the Demons (Daai wa sai you chi Chui mo chun kei) (2013),4.75,2
3384,Jack the Giant Slayer (2013),2.2,5
3385,Wadjda (2012),2.5,1
3386,"Unintentional Kidnapping of Mrs. Elfriede Ott, The (Die Unabsichtliche Entführung der Frau Elfriede Ott) (2010)",2.5,1
3387,G.I. Joe: Retaliation (2013),3.0,3
3388,Stoker (2013),3.75,2
3389,Oz the Great and Powerful (2013),3.08,6
3390,"Croods, The (2013)",3.78,9
3391,"Incredible Burt Wonderstone, The (2013)",2.83,3
3392,"Call, The (2013)",1.5,1
3393,Olympus Has Fallen (2013),2.88,8
3394,"First Time, The (2012)",1.5,2
3395,"Place Beyond the Pines, The (2012)",3.5,5
3396,"Brass Teapot, The (2012)",2.0,1
3397,Phil Spector (2013),2.0,1
3398,"Host, The (2013)",2.5,4
3399,Admission (2013),3.0,4
3400,Evil Dead (2013),3.25,2
3401,Trance (2013),3.75,2
3402,"Perfect Plan, A (Plan parfait, Un) (2012)",4.25,2
3403,Oblivion (2013),3.3,20
3404,Dark Tide (2012),1.5,1
3405,42 (2013),4.0,1
3406,Wolf Children (Okami kodomo no ame to yuki) (2012),4.0,4
3407,Disconnect (2012),1.5,1
3408,"Invincible Iron Man, The (2007)",3.0,1
3409,Pain & Gain (2013),3.2,5
3410,Hulk Vs. (2009),3.0,1
3411,Resolution (2012),4.0,1
3412,Grabbers (2012),3.0,1
3413,Justice League: Doom (2012) ,5.0,1
3414,"Grandmaster, The (Yi dai zong shi) (2013)",2.0,1
3415,This Is the End (2013),3.21,14
3416,Iron Man 3 (2013),3.56,32
3417,"English Teacher, The (2013)",2.0,1
3418,Mud (2012),4.33,3
3419,Pawn (2013),2.0,1
3420,Syrup (2013),2.75,2
3421,"Great Gatsby, The (2013)",3.38,20
3422,Star Trek Into Darkness (2013),3.69,27
3423,"Internship, The (2013)",3.55,10
3424,Darkon (2006),3.0,1
3425,Only God Forgives (2013),3.75,2
3426,"Hangover Part III, The (2013)",3.38,8
3427,"Fast & Furious 6 (Fast and the Furious 6, The) (2013)",3.36,7
3428,Epic (2013),3.0,2
3429,Tie Xi Qu: West of the Tracks (Tiexi qu) (2003),4.0,1
3430,Down Terrace (2009),4.0,1
3431,Frances Ha (2012),2.5,1
3432,"Lords of Salem, The (2012)",2.5,1
3433,Behind the Candelabra (2013),3.0,1
3434,As I Was Moving Ahead Occasionally I Saw Brief Glimpses of Beauty (2000),3.5,1
3435,With Great Power: The Stan Lee Story (2012),3.0,1
3436,After Earth (2013),1.0,2
3437,Now You See Me (2013),3.41,22
3438,Inhuman Resources (Redd Inc.) (2012),4.5,1
3439,"Way, Way Back, The (2013)",3.12,4
3440,Much Ado About Nothing (2012),3.0,1
3441,Man of Steel (2013),3.3,22
3442,"Kings of Summer, The (2013)",3.5,2
3443,"Purge, The (2013)",3.25,4
3444,Rapture-Palooza (2013),3.0,1
3445,20 Feet from Stardom (Twenty Feet from Stardom) (2013),4.25,2
3446,"Bling Ring, The (2013)",2.0,2
3447,Monsters University (2013),3.88,16
3448,Schlussmacher (2013),1.0,1
3449,Fullmetal Alchemist: The Sacred Star of Milos (2011),2.0,1
3450,Maniac (2012),3.5,1
3451,Not Suitable for Children (2012),2.5,1
3452,Pacific Rim (2013),3.61,14
3453,LEGO Batman: The Movie - DC Heroes Unite (2013),3.0,1
3454,"Best Offer, The (Migliore offerta, La) (2013)",4.0,5
3455,Adam and Eve (National Lampoon's Adam & Eve) (2005),2.5,1
3456,World War Z (2013),3.03,19
3457,Elysium (2013),3.31,16
3458,Despicable Me 2 (2013),3.58,19
3459,White House Down (2013),2.92,6
3460,"World's End, The (2013)",3.42,18
3461,Redemption (Hummingbird) (2013),2.0,1
3462,"Heat, The (2013)",3.42,6
3463,"Lone Ranger, The (2013)",2.79,7
3464,Passion (2012),1.0,1
3465,V/H/S/2 (2013),4.5,1
3466,"Knot, The (2012)",1.5,1
3467,The Spectacular Now (2013),3.25,2
3468,"Lifeguard, The (2013)",3.5,2
3469,Sharknado (2013),1.88,4
3470,Craig Ferguson: I'm Here To Help (2013),5.0,1
3471,Stuck in Love (2012),4.0,1
3472,Fruitvale Station (2013),4.0,2
3473,R.I.P.D. (2013),1.83,3
3474,"Field in England, A (2013)",4.5,1
3475,"Conjuring, The (2013)",4.21,7
3476,Turbo (2013),2.5,1
3477,"Wolverine, The (2013)",3.38,16
3478,Drinking Buddies (2013),2.33,3
3479,Red 2 (2013),3.2,5
3480,Coffee Town (2013),2.25,2
3481,Revenge for Jolly! (2012),2.0,1
3482,2 Guns (2013),4.0,3
3483,Blue Jasmine (2013),3.38,4
3484,"Great Beauty, The (Grande Bellezza, La) (2013)",3.5,3
3485,Louis C.K.: Oh My God (2013),4.12,4
3486,Percy Jackson: Sea of Monsters (2013),1.75,2
3487,"Smurfs 2, The (2013)",1.88,4
3488,Alan Partridge: Alpha Papa (2013),4.0,1
3489,Man of Tai Chi (2013),3.25,2
3490,Batman: Mystery of the Batwoman (2003),3.0,1
3491,We're the Millers (2013),3.74,21
3492,Grown Ups 2 (2013),3.4,5
3493,Kick-Ass 2 (2013),3.45,11
3494,Riddick (2013),3.3,5
3495,Planes (2013),3.0,2
3496,Blackfish (2013),3.0,2
3497,"Wind Rises, The (Kaze tachinu) (2013)",4.0,3
3498,Jobs (2013),2.5,3
3499,Lee Daniels' The Butler (2013),1.5,1
3500,In a World... (2013),4.0,2
3501,About Time (2013),3.93,15
3502,Justice League: Crisis on Two Earths (2010),3.25,2
3503,You're Next (2011),3.75,2
3504,Maria Bamford: The Special Special Special! (2012),0.5,1
3505,Getaway (2013),1.0,1
3506,Gravity (2013),3.58,32
3507,What If (2013),2.67,3
3508,"History of Future Folk, The (2012)",4.0,2
3509,Prisoners (2013),4.16,16
3510,Austenland (2013),3.17,3
3511,Insidious: Chapter 2 (2013),3.0,2
3512,Rush (2013),3.82,11
3513,"Family, The (2013)",3.5,3
3514,Short Term 12 (2013),3.75,2
3515,"To Do List, The (2013)",2.5,4
3516,Inescapable (2012),1.0,1
3517,Nebraska (2013),4.12,4
3518,Enough Said (2013),3.0,2
3519,Don Jon (2013),3.12,8
3520,Mood Indigo (L'écume des jours) (2013),3.5,1
3521,"Century of the Self, The (2002)",3.75,2
3522,Crystal Fairy & the Magical Cactus and 2012 (2013),3.5,2
3523,Bad Milo (Bad Milo!) (2013),1.0,1
3524,Runner Runner (2013),2.25,2
3525,Blue Is the Warmest Color (La vie d'Adèle) (2013),3.25,2
3526,Cloudy with a Chance of Meatballs 2 (2013),2.25,2
3527,Captain Phillips (2013),4.05,21
3528,Machete Kills (Machete 2) (2013),4.0,2
3529,Filth (2013),4.5,2
3530,Escape Plan (2013),4.0,4
3531,Carrie (2013),2.5,2
3532,UnHung Hero (2013),4.5,1
3533,"Counselor, The (2013)",1.5,1
3534,Escape From Tomorrow (2013),3.0,1
3535,"Double, The (2013)",4.0,1
3536,12 Years a Slave (2013),3.62,16
3537,All Is Lost (2013),3.62,4
3538,Ender's Game (2013),3.44,16
3539,Jackass Presents: Bad Grandpa (2013),3.25,2
3540,Thor: The Dark World (2013),3.31,21
3541,Dallas Buyers Club (2013),3.97,17
3542,"Selfish Giant, The (2013)",3.5,1
3543,Last Vegas (2013),2.0,2
3544,Philomena (2013),3.25,2
3545,"Book Thief, The (2013)",3.0,1
3546,The Hunger Games: Catching Fire (2013),3.63,26
3547,"Hobbit: The Desolation of Smaug, The (2013)",3.58,25
3548,47 Ronin (2013),2.64,7
3549,Delivery Man (2013),2.88,4
3550,Charlie Countryman (2013),1.5,1
3551,Red Flag (2012),4.5,1
3552,"Day of the Doctor, The (2013)",4.57,7
3553,Guilty of Romance (Koi no tsumi) (2011) ,3.0,1
3554,Frozen (2013),3.62,29
3555,Inside Llewyn Davis (2013),3.64,7
3556,"Wolf of Wall Street, The (2013)",3.92,54
3557,Homefront (2013),3.0,1
3558,Mandela: Long Walk to Freedom (2013),3.75,2
3559,Evangelion: 3.0 You Can (Not) Redo (2012),2.5,3
3560,All is Bright (2013),1.5,1
3561,Tim's Vermeer (2013),4.0,1
3562,American Hustle (2013),3.25,16
3563,"Secret Life of Walter Mitty, The (2013)",4.0,20
3564,Her (2013),3.92,25
3565,RoboGeisha (Robo-geisha) (2009),3.0,1
3566,Lone Survivor (2013),3.0,2
3567,Saving Mr. Banks (2013),3.69,8
3568,Oldboy (2013),3.0,2
3569,Dampfnudelblues (2013),2.5,1
3570,Anchorman 2: The Legend Continues (2013),3.36,11
3571,Snowpiercer (2013),3.43,21
3572,Haunter (2013),3.0,1
3573,Wrong Cops (2013),4.0,1
3574,"Muppet Christmas: Letters to Santa, A (2008)",1.5,1
3575,Ninja: Shadow of a Tear (2013),4.5,1
3576,"Fuck You, Goethe (Fack Ju Göhte) (2013)",2.75,2
3577,High School (2010),4.5,1
3578,Grudge Match (2013),2.5,2
3579,Highlander: The Search for Vengeance (2007),3.0,1
3580,Only Lovers Left Alive (2013),5.0,1
3581,Bad Karma (2012),2.0,1
3582,Hunting Elephants (2013),5.0,1
3583,Dragon Ball Z: Battle of Gods (2013),4.0,2
3584,Freezer (2014),2.0,1
3585,We Are What We Are (2013),2.25,2
3586,Chinese Puzzle (Casse-tête chinois) (2013),5.0,1
3587,Ride Along (2014),3.17,6
3588,Jack Ryan: Shadow Recruit (2014),2.0,2
3589,Divergent (2014),3.0,18
3590,Hotel Chevalier (Part 1 of 'The Darjeeling Limited') (2007),3.5,1
3591,Ernest & Célestine (Ernest et Célestine) (2012),4.5,1
3592,Drift (2013),2.0,1
3593,"I, Frankenstein (2014)",2.25,2
3594,Better Living Through Chemistry (2014),1.5,1
3595,Nymphomaniac: Volume I (2013),4.25,2
3596,Enemy (2013),3.5,7
3597,Wonder Woman (2009),5.0,1
3598,"Monuments Men, The (2014)",2.67,6
3599,The Lego Movie (2014),3.87,31
3600,RoboCop (2014),2.33,6
3601,"Art of the Steal, The (2013)",3.33,3
3602,Nymphomaniac: Volume II (2013),4.5,1
3603,Knights of Badassdom (2013),2.25,2
3604,Venus in Fur (La Vénus à la fourrure) (2013),4.5,1
3605,Date and Switch (2014),2.0,1
3606,"Zero Theorem, The (2013)",3.0,3
3607,Winter's Tale (2014),1.5,1
3608,On the Other Side of the Tracks (De l'autre côté du périph) (2012),5.0,1
3609,GLOW: The Story of the Gorgeous Ladies of Wrestling (2012),3.0,1
3610,Cold Comes the Night (2013),2.0,1
3611,Chouchou (2003),4.0,1
3612,Someone Marry Barry (2014),2.5,1
3613,About Last Night (2014),2.25,2
3614,"Grand Budapest Hotel, The (2014)",3.78,52
3615,"Oversimplification of Her Beauty, An (2012)",3.5,1
3616,Bring It On: Fight to the Finish (2009),2.0,1
3617,That Awkward Moment (2014),2.62,4
3618,Interstellar (2014),3.99,73
3619,3 Days to Kill (2014),1.0,2
3620,Welcome to the Jungle (2013),2.0,2
3621,Non-Stop (2014),3.25,4
3622,Wrinkles (Arrugas) (2011),4.0,1
3623,"Garden of Words, The (Koto no ha no niwa) (2013)",5.0,1
3624,300: Rise of an Empire (2014),2.12,4
3625,Particle Fever (2013),5.0,1
3626,"Bag Man, The (2014)",3.5,1
3627,Mr. Peabody & Sherman (2014),3.25,4
3628,Under the Skin (2013),2.75,2
3629,Need for Speed (2014),3.75,2
3630,Barefoot (2014),3.0,2
3631,Veronica Mars (2014),1.75,2
3632,Bad Words (2013),2.0,3
3633,Son of God (2014),0.5,1
3634,Puss in Boots: The Three Diablos (2012),3.0,1
3635,Why Don't You Play In Hell? (Jigoku de naze warui) (2013),4.25,2
3636,Ocho apellidos vascos (2014),4.5,1
3637,Captain America: The Winter Soldier (2014),3.74,31
3638,Noah (2014),2.8,5
3639,"Nut Job, The (2014)",4.33,3
3640,13 Sins (2014),3.5,1
3641,Muppets Most Wanted (2014),3.33,3
3642,Me and you (io e te) (2012),4.5,1
3643,Free to Play (2014),4.5,1
3644,"Unknown Known, The (2013)",4.0,1
3645,The Raid 2: Berandal (2014),3.93,7
3646,The Amazing Spider-Man 2 (2014),2.64,11
3647,Calvary (2014),4.0,1
3648,Oculus (2013),4.5,1
3649,God's Not Dead (2014),0.5,1
3650,Cold in July (2014),2.5,1
3651,Rio 2 (2014),2.0,2
3652,"Honest Liar, An (2014)",3.75,2
3653,Fading Gigolo (2013),4.0,1
3654,Transcendence (2014),2.29,7
3655,Hatchet III (2013),4.0,1
3656,"Other Woman, The (2014)",2.92,6
3657,"Haunted House 2, A (2014)",0.5,1
3658,Mulan II (2004),2.5,1
3659,Brick Mansions (2014),1.5,1
3660,Locke (2013),3.83,3
3661,Neighbors (2014),3.29,12
3662,Alpha and Omega 3: The Great Wolf Games (2014),4.5,1
3663,Mom's Night Out (2014),1.5,1
3664,Lucy (2014),2.82,14
3665,X-Men: Days of Future Past (2014),3.83,30
3666,Godzilla (2014),2.62,13
3667,Walk of Shame (2014),2.5,1
3668,Blue Ruin (2013),4.0,1
3669,Chef (2014),2.75,2
3670,Afflicted (2013),3.5,1
3671,Blended (2014),3.81,8
3672,Begin Again (2013),4.0,3
3673,Maleficent (2014),2.75,16
3674,Zombeavers (2014),2.5,2
3675,At Middleton (2013),1.5,1
3676,"Dance of Reality, The (Danza de la realidad, La) (2013)",3.5,1
3677,A Million Ways to Die in the West (2014),2.96,12
3678,Edge of Tomorrow (2014),3.98,44
3679,Mission: Impossible - Rogue Nation (2015),3.65,17
3680,Midnight Chronicles (2009),0.5,1
3681,Million Dollar Arm (2014),3.0,1
3682,G.B.F. (2013),3.0,1
3683,Jimi: All Is by My Side (2013),3.5,1
3684,Bad Asses (Bad Ass 2) (2014),3.5,1
3685,Lilting (2014),4.5,1
3686,The Fault in Our Stars (2014),3.39,9
3687,Tangled Ever After (2012),3.83,3
3688,Maps to the Stars (2014),3.5,1
3689,22 Jump Street (2014),3.68,19
3690,"Equalizer, The (2014)",3.28,9
3691,How to Train Your Dragon 2 (2014),3.77,15
3692,Birdman: Or (The Unexpected Virtue of Ignorance) (2014),3.35,26
3693,Boyhood (2014),3.82,17
3694,Think Like a Man Too (2014),1.5,1
3695,Jersey Boys (2014),2.5,1
3696,"Internet's Own Boy: The Story of Aaron Swartz, The (2014)",4.5,1
3697,Transformers: Age of Extinction (2014),1.88,4
3698,Frank (2014),4.33,3
3699,They Came Together (2014),2.0,1
3700,Honey (Miele) (2013),3.5,1
3701,Planes: Fire & Rescue (2014),2.25,2
3702,Tammy (2014),2.0,2
3703,Colourful (Karafuru) (2010),5.0,1
3704,"Babadook, The (2014)",4.5,3
3705,Whiplash (2014),4.04,38
3706,Gone Girl (2014),3.72,37
3707,"Angriest Man in Brooklyn, The (2014)",4.0,1
3708,Dawn of the Planet of the Apes (2014),3.43,15
3709,Deliver Us from Evil (2014),3.0,1
3710,And So It Goes (2014),2.0,1
3711,Sex Tape (2014),2.6,5
3712,I Origins (2014),3.83,3
3713,"Purge: Anarchy, The (2014)",3.3,5
3714,Guardians of the Galaxy (2014),4.05,59
3715,"Signal, The (2014)",4.5,1
3716,The Expendables 3 (2014),3.5,3
3717,Hercules (2014),2.0,4
3718,A Most Wanted Man (2014),4.5,1
3719,Life After Beth (2014),3.5,1
3720,Felony (2013),3.0,1
3721,Get on Up (2014),3.5,1
3722,Magic in the Moonlight (2014),3.0,1
3723,Housebound (2014),4.25,2
3724,The Hundred-Foot Journey (2014),4.5,1
3725,Batman: Assault on Arkham (2014),3.0,1
3726,White Frog (2012),4.0,1
3727,"Den, The (2013)",3.5,1
3728,Jupiter Ascending (2015),2.0,2
3729,Teenage Mutant Ninja Turtles (2014),2.75,4
3730,I'll Follow You Down (2013),1.5,1
3731,"Giver, The (2014)",2.3,5
3732,"Pretty One, The (2013)",4.0,1
3733,Revenge of the Green Dragons (2014),1.5,1
3734,Let's Be Cops (2014),3.1,5
3735,"Inbetweeners 2, The (2014)",3.5,2
3736,"Sacrament, The (2013)",4.0,1
3737,Sin City: A Dame to Kill For (2014),3.25,4
3738,If I Stay (2014),2.0,1
3739,"Two Days, One Night (Deux jours, une nuit) (2014)",3.5,1
3740,Coherence (2013),4.0,2
3741,"As Above, So Below (2014)",3.0,1
3742,"One I Love, The (2014)",5.0,1
3743,Headshot (2011),2.5,1
3744,"Guest, The (2014)",4.0,1
3745,Pride (2014),4.0,2
3746,Honeymoon (2014),3.5,1
3747,The Drop (2014),2.83,3
3748,"20,000 Days on Earth (2014)",4.0,1
3749,The Skeleton Twins (2014),3.33,3
3750,Beautiful Losers (2008),2.5,1
3751,"Maze Runner, The (2014)",2.94,16
3752,Camp X-Ray (2014),3.5,1
3753,"Walk Among the Tombstones, A (2014)",3.0,1
3754,Laggies (2014),5.0,1
3755,Cesar Chavez (2014),1.5,1
3756,Who Am I (Kein System Ist Sicher) (2014),1.5,1
3757,"Tale of Princess Kaguya, The (Kaguyahime no monogatari) (2013)",1.0,1
3758,This Is Where I Leave You (2014),2.75,2
3759,American Sniper (2014),3.8,15
3760,Tusk (2014),3.5,1
3761,Hector and the Search for Happiness (2014),4.25,2
3762,Horns (2014),3.0,1
3763,Annabelle (2014),3.0,2
3764,Two Night Stand (2014),2.83,3
3765,Dracula Untold (2014),3.5,4
3766,Stretch (2014),2.17,3
3767,Autómata (Automata) (2014),3.0,1
3768,"Captive, The (2014)",2.0,1
3769,Predestination (2014),3.9,10
3770,Justin and the Knights of Valour (2013),2.0,1
3771,Ward 13 (2003),3.5,1
3772,What We Do in the Shadows (2014),4.83,3
3773,John Wick (2014),3.84,29
3774,Plastic (2014),2.0,1
3775,"Judge, The (2014)",2.5,1
3776,"Culture High, The (2014)",3.0,1
3777,Fury (2014),3.77,13
3778,"Salvation, The (2014)",3.0,1
3779,St. Vincent (2014),3.25,2
3780,"Rewrite, The (2014)",3.5,1
3781,Nightcrawler (2014),4.17,18
3782,Big Hero 6 (2014),3.85,41
3783,The Book of Life (2014),4.0,2
3784,"Love, Rosie (2014)",3.5,1
3785,Time Lapse (2014),3.83,3
3786,Ex Machina (2015),3.91,28
3787,Mr Hublot (2013),3.0,1
3788,Copenhagen (2014),4.5,1
3789,"Simpsons: The Longest Daycare, The (2012)",3.67,3
3790,Generation War (2013),4.0,1
3791,Leviathan (2014),2.0,1
3792,Reign of Assassins (2010),2.5,1
3793,Zulu (2013),1.5,1
3794,Tangerines (2013),4.5,1
3795,Life Partners (2014),3.0,1
3796,Drive Hard (2014),1.5,1
3797,New Kids Nitro (2011),3.0,1
3798,Stalingrad (2013),3.0,1
3799,Dead Snow 2: Red vs. Dead (2014) ,4.0,2
3800,You Are the Apple of My Eye (2011),4.0,1
3801,DeadHeads (2011),3.5,1
3802,The Imitation Game (2014),4.02,50
3803,Inherent Vice (2014),3.67,6
3804,Rudderless (2014),4.5,1
3805,The Hunger Games: Mockingjay - Part 1 (2014),3.87,23
3806,Sex Ed (2014),2.5,1
3807,Exodus: Gods and Kings (2014),2.75,2
3808,Wild Tales (2014),4.25,10
3809,Dumb and Dumber To (2014),2.33,3
3810,The Longest Week (2014),1.5,1
3811,Miss Meadows (2014),2.5,1
3812,Too Many Cooks (2014),3.0,2
3813,Painted Skin (2008),3.5,1
3814,The Theory of Everything (2014),3.71,17
3815,Doctor Who: The Time of the Doctor (2013),4.5,3
3816,Virunga (2014),4.0,1
3817,The Madagascar Penguins in a Christmas Caper (2005),3.5,1
3818,Song of the Sea (2014),3.0,1
3819,In the Heart of the Sea (2015),3.5,3
3820,Hello Ladies: The Movie (2014),3.0,1
3821,Jurassic World (2015),3.26,23
3822,Watermark (2014),5.0,1
3823,Citizenfour (2014),3.88,4
3824,Asterix: The Land of the Gods (Astérix: Le domaine des dieux) (2014),3.75,2
3825,Hit by Lightning (2014),2.5,1
3826,Horrible Bosses 2 (2014),3.64,11
3827,Dragonheart 2: A New Beginning (2000),4.5,1
3828,Penguins of Madagascar (2014),3.7,5
3829,'71 (2014),4.0,1
3830,The Rabbi's Cat (Le chat du rabbin) (2011),3.0,1
3831,Still Alice (2014),3.8,5
3832,Paddington (2014),4.0,4
3833,Maze Runner: Scorch Trials (2015),1.83,6
3834,Ice Age: A Mammoth Christmas (2011),3.5,1
3835,The Voices (2014),3.5,1
3836,The Green Prince (2014),2.5,1
3837,Dying of the Light (2014),1.5,1
3838,Hellbenders (2012),5.0,1
3839,By the Gun (2014),2.0,1
3840,Kill the Messenger (2014),3.0,1
3841,Bring It On: In It To Win It (2007),1.5,1
3842,The Mule (2014),3.5,2
3843,The Hobbit: The Battle of the Five Armies (2014),3.42,18
3844,Selma (2014),2.5,2
3845,Unbroken (2014),2.5,3
3846,Black Sea (2015),4.0,1
3847,Good Copy Bad Copy (2007),3.5,1
3848,Playing It Cool (2014),2.0,1
3849,National Lampoon's Bag Boy (2007),5.0,1
3850,Closer to the Moon (2013),4.0,1
3851,"Girl Walks Home Alone at Night, A (2014)",3.5,2
3852,Dave Chappelle: For What it's Worth (2004),4.25,2
3853,Scooby-Doo! Abracadabra-Doo (2010),5.0,1
3854,Mommy (2014),4.0,1
3855,Wild (2014),2.9,5
3856,Top Five (2014),3.0,2
3857,Bill Burr: I'm Sorry You Feel That Way (2014),4.5,1
3858,Big Eyes (2014),3.75,2
3859,Into the Woods (2014),2.8,5
3860,"Men, Women & Children (2014)",2.0,1
3861,The Interview (2014),3.46,12
3862,Kingsman: The Secret Service (2015),3.99,36
3863,Bill Burr: You People Are All the Same (2012),4.5,1
3864,Night at the Museum: Secret of the Tomb (2014),3.5,6
3865,Paradox (2010),3.5,1
3866,The Punisher: Dirty Laundry (2012),2.5,1
3867,Seventh Son (2014),2.25,2
3868,Corner Gas: The Movie (2014),3.5,1
3869,A Merry Friggin' Christmas (2014),2.0,1
3870,Into the Forest of Fireflies' Light (2011),5.0,1
3871,PK (2014),5.0,1
3872,Chappie (2015),3.25,10
3873,The Salt of the Earth (2014),4.33,3
3874,The Fool (2014),4.5,1
3875,Taken 3 (2015),2.7,5
3876,Blackhat (2015),2.5,2
3877,Son of a Gun (2014),2.5,1
3878,Terminator Genisys (2015),2.5,9
3879,John Mulaney: New In Town (2012),4.0,1
3880,Patton Oswalt: My Weakness Is Strong (2009),4.5,1
3881,Man on High Heels (2014),3.0,1
3882,Space Buddies (2009),4.0,1
3883,Houdini (2014),2.0,1
3884,101 Dalmatians II: Patch's London Adventure (2003),2.5,1
3885,The Hungover Games (2014),2.5,1
3886,The Duke of Burgundy (2014),3.5,1
3887,Red Army (2014),4.0,1
3888,It Follows (2014),4.12,4
3889,The Town that Dreaded Sundown (2014),3.0,1
3890,Bill Burr: Let It Go (2010),4.5,1
3891,Bill Burr: Why Do I Do This? (2008),4.5,1
3892,Killer Movie (2008),4.5,1
3893,Sebastian Maniscalco: What's Wrong with People? (2012),3.5,1
3894,Stuart Little 3: Call of the Wild (2005),5.0,1
3895,Guy X (2005),5.0,1
3896,Tooth Fairy 2 (2012),0.5,1
3897,The Diary of Anne Frank (2009),2.5,1
3898,Wicked Blood (2014),1.5,1
3899,Mad Max: Fury Road (2015),3.82,47
3900,Insidious: Chapter 3 (2015),2.5,2
3901,Star Wars: Episode VII - The Force Awakens (2015),3.85,41
3902,Ben-hur (2016),0.5,1
3903,Warcraft (2016),3.42,6
3904,Avengers: Age of Ultron (2015),3.52,27
3905,Pirates of the Caribbean: Dead Men Tell No Tales (2017),3.79,7
3906,Justice League (2017),2.5,6
3907,Ant-Man (2015),3.72,27
3908,Fantastic Four (2015),2.1,5
3909,Deadpool (2016),3.83,54
3910,Black Panther (2017),3.73,11
3911,Avengers: Infinity War - Part I (2018),4.0,13
3912,Thor: Ragnarok (2017),4.03,20
3913,Guardians of the Galaxy 2 (2017),3.93,27
3914,Captain America: Civil War (2016),3.61,22
3915,Doctor Strange (2016),3.7,22
3916,X-Men: Apocalypse (2016),3.07,14
3917,Untitled Spider-Man Reboot (2017),4.16,16
3918,Elsa & Fred (2014),2.0,1
3919,Jim Jefferies: I Swear to God (2009),4.5,1
3920,In the Name of the King III (2014),1.0,1
3921,Cake (2014),2.75,2
3922,Kevin Smith: Too Fat For 40 (2010),4.5,1
3923,"Snowflake, the White Gorilla (2011)",5.0,1
3924,Delirium (2014),5.0,1
3925,The Gambler (2014),2.0,1
3926,Mortdecai (2015),3.0,1
3927,Fifty Shades of Grey (2015),1.0,3
3928,Halloweentown High (2004),3.75,2
3929,American Heist (2015),1.5,1
3930,The Pacific (2010),4.75,2
3931,Strange Magic (2015),3.0,1
3932,The DUFF (2015),3.25,6
3933,"Daddy, I'm A Zombie (2012)",4.0,1
3934,The Fox and the Hound 2 (2006),5.0,1
3935,Project Almanac (2015),3.75,4
3936,Louis C.K.: Live at The Comedy Store (2015),4.38,4
3937,Brooklyn (2015),3.88,4
3938,The End of the Tour (2015),4.0,1
3939,Experimenter (2015),4.5,1
3940,Mistress America (2015),4.0,1
3941,Zipper (2015),2.0,1
3942,A Walk in the Woods (2015),3.5,1
3943,True Story (2015),3.25,2
3944,Kurt Cobain: Montage of Heck (2015),3.0,1
3945,Going Clear: Scientology and the Prison of Belief (2015),4.25,2
3946,"What Happened, Miss Simone? (2015)",3.5,1
3947,A Story of Children and Film (2013),3.5,1
3948,"Story of Film: An Odyssey, The (2011)",4.0,1
3949,Eden (2014),4.0,1
3950,The D Train (2015),2.0,1
3951,Dope (2015),3.58,6
3952,Me and Earl and the Dying Girl (2015),3.75,6
3953,The Overnight (2015),3.75,2
3954,The Stanford Prison Experiment (2015),4.5,1
3955,A Pigeon Sat on a Branch Reflecting on Existence (2014),4.0,2
3956,The Loft (2014),1.5,1
3957,Vice (2015),1.0,1
3958,Family Guy Presents: Blue Harvest (2007),4.0,1
3959,Kevin Hart: I'm a Grown Little Man (2009),4.5,1
3960,Jim Norton: American Degenerate (2013),4.0,1
3961,Jim Jefferies: BARE (2014),4.5,1
3962,The Hateful Eight (2015),3.75,18
3963,Patton Oswalt: Tragedy Plus Comedy Equals Time (2014),4.0,1
3964,Wild Card (2015),3.0,1
3965,Paper Towns (2015),2.0,2
3966,The Wedding Ringer (2015),3.8,5
3967,Wyrmwood (2015),3.5,1
3968,The Boy Next Door (2015),1.0,1
3969,Boy Meets Girl (2015),4.0,1
3970,Victoria (2015),3.9,5
3971,The Dark Valley (2014),2.5,1
3972,I'm Here (2010),3.5,1
3973,The Last Five Years (2014),3.5,1
3974,Crimson Peak (2015),3.5,1
3975,Dragonheart 3: The Sorcerer's Curse (2015),4.0,1
3976,The Forgotten Space (2010),4.0,1
3977,Cloudburst (2011),4.0,1
3978,Tom Segura: Completely Normal (2014),5.0,1
3979,Stitch! The Movie (2003),4.0,2
3980,Hot Tub Time Machine 2 (2015),2.88,4
3981,Johnny Express (2014),4.5,1
3982,Northmen - A Viking Saga (2014),2.0,1
3983,Superfast! (2015),0.5,1
3984,Reality (2014),4.0,1
3985,Julia (2014),1.5,1
3986,Focus (2015),3.25,10
3987,Marvel One-Shot: Item 47 (2012),2.75,2
3988,The Second Best Exotic Marigold Hotel (2015),3.0,2
3989,George Carlin: It's Bad for Ya! (2008),5.0,1
3990,Tracers (2015),1.0,1
3991,"McFarland, USA (2015)",3.5,1
3992,Unfinished Business (2015),2.25,2
3993,Ghost in the Shell Arise - Border 1: Ghost Pain (2013),2.5,1
3994,Run All Night (2015),2.17,3
3995,Digging Up the Marrow (2014),3.0,1
3996,Clown (2014),3.5,1
3997,Cinderella (2015),4.0,1
3998,Kidnapping Mr. Heineken (2015),2.0,1
3999,The Cobbler (2015),3.75,2
4000,Ruby Red (2013),4.0,1
4001,Pan (2015),2.5,3
4002,While We're Young (2014),4.0,1
4003,Insurgent (2015),2.83,6
4004,The Amazing Screw-On Head (2006),4.0,3
4005,Home (2015),3.25,8
4006,Midnight Special (2015),2.38,4
4007,"Gunman, The (2015)",4.0,1
4008,Furious 7 (2015),2.75,6
4009,The Final Girls (2015),3.0,1
4010,Spring (2015),4.5,1
4011,Power/Rangers (2015),4.0,1
4012,George Carlin: Life Is Worth Losing (2005),5.0,1
4013,Legend No. 17 (2013),4.5,1
4014,Get Hard (2015),3.12,8
4015,That Sugar Film (2014),4.5,1
4016,Saving Santa (2013),5.0,1
4017,Tom and Jerry: A Nutcracker Tale (2007),5.0,1
4018,What Men Talk About (2010),5.0,1
4019,Kill Me Three Times (2014),3.0,1
4020,Poker Night (2014),2.0,1
4021,Shaun the Sheep Movie (2015),3.0,2
4022,Last Knights (2015),3.0,3
4023,The Jinx: The Life and Deaths of Robert Durst (2015),5.0,1
4024,Batman vs. Robin (2015),3.0,1
4025,Libre et assoupi (2014),3.0,1
4026,Woman in Gold (2015),4.0,1
4027,Iliza Shlesinger: Freezing Hot (2015),3.75,2
4028,The Road Within (2014),4.5,1
4029,Tomorrowland (2015),2.5,7
4030,Buzzard (2015),5.0,1
4031,Paul Blart: Mall Cop 2 (2015),2.75,4
4032,Seve (2014),5.0,1
4033,Breathe (2014),1.0,1
4034,Da Sweet Blood of Jesus (2014),3.25,2
4035,The Longest Ride (2015),1.75,2
4036,Girltrash: All Night Long (2014),3.5,1
4037,Sword of Vengeance (2014),1.0,1
4038,Lovesick (2014),2.0,1
4039,Danny Collins (2015),4.5,1
4040,The Even Stevens Movie (2003),3.5,1
4041,Kite (2014),1.5,1
4042,Man Up (2015),3.75,2
4043,San Andreas (2015),1.88,4
4044,Welcome to Me (2014),3.0,2
4045,Comedy Central Roast of James Franco (2013),3.0,1
4046,We Could Be King (2014),4.0,1
4047,Hitman: Agent 47 (2015),1.5,1
4048,B/W (2015),3.5,1
4049,Ricki and the Flash (2015),2.0,1
4050,Partisan (2015),2.0,1
4051,Infini (2015),1.5,1
4052,Pitch Perfect 2 (2015),3.44,9
4053,Just Before I Go (2014),1.0,1
4054,Carol (2015),4.0,1
4055,The Lobster (2015),4.0,7
4056,Güeros (2014),3.0,1
4057,Maggie (2015),2.0,1
4058,Hot Pursuit (2015),1.5,1
4059,Slow West (2015),4.25,2
4060,The Green Inferno (2014),3.5,1
4061,Barely Lethal (2015),4.5,1
4062,What Love Is (2007),5.0,1
4063,5 to 7 (2014),2.5,1
4064,My Love (2006),5.0,1
4065,Radio Day (2008),5.0,1
4066,The Martian (2015),4.0,48
4067,Return to Sender (2015),1.5,1
4068,Kung Fury (2015),3.71,7
4069,Elections Day (2007),4.5,1
4070,Youth (2015),3.5,4
4071,Survivor (2015),0.5,1
4072,Hot Girls Wanted (2015),3.0,1
4073,Phir Hera Pheri (2006),4.5,1
4074,Spy (2015),3.69,16
4075,Trainwreck (2015),3.2,10
4076,Turtle Power: The Definitive History of the Teenage Mutant Ninja Turtles (2014),3.0,1
4077,Aloha (2015),0.5,1
4078,Dragon Blade (2015),2.0,1
4079,Entourage (2015),2.0,1
4080,Bitter Lake (2015),5.0,1
4081,No Way Jose (2015),2.0,1
4082,Ghost Graduation (2012),5.0,1
4083,Inside Out (2015),3.81,43
4084,The Wolfpack (2015),3.5,1
4085,Trevor Noah: African American (2013),2.5,1
4086,Love & Mercy (2014),4.33,3
4087,The Hunger Games: Mockingjay - Part 2 (2015),3.7,10
4088,Pixels (2015),2.58,6
4089,Fantastic Beasts and Where to Find Them (2016),3.68,14
4090,The Hairdresser (2010),4.0,1
4091,Mr. Holmes (2015),3.0,1
4092,The Secret Life of Pets (2016),3.07,7
4093,Ghost in the Shell: Stand Alone Complex - The Laughing Man (2005),3.25,2
4094,Self/less (2015),2.75,2
4095,The Last Witch Hunter (2015),3.33,3
4096,Krampus (2015),3.5,1
4097,Suicide Squad (2016),2.92,12
4098,Independence Day: Resurgence (2016),2.38,4
4099,Star Trek Beyond (2016),3.47,15
4100,Golmaal (2006),4.5,1
4101,Bruce Lee: A Warrior's Journey (2000),3.5,1
4102,Ted 2 (2015),2.78,9
4103,Absolutely Anything (2015),3.0,1
4104,Minions (2015),3.17,15
4105,The Good Dinosaur (2015),3.0,4
4106,Black Mass (2015),2.5,3
4107,Spectre (2015),3.06,17
4108,Sharknado 3: Oh Hell No! (2015),1.0,2
4109,Scooby-Doo! and the Samurai Sword (2009),5.0,1
4110,Scooby-Doo! and the Loch Ness Monster (2004),5.0,1
4111,Big Top Scooby-Doo! (2012),5.0,1
4112,Gabriel Iglesias: Hot and Fluffy (2007),1.5,1
4113,Ghost in the Shell 2.0 (2008),3.75,2
4114,Kevin Hart: Laugh at My Pain (2011),3.5,1
4115,Tom and Jerry: Shiver Me Whiskers (2006),5.0,1
4116,Jeff Dunham: All Over the Map (2014),2.0,1
4117,The FP (2012),4.5,1
4118,Kung Fu Panda: Secrets of the Masters (2011),5.0,1
4119,Steve Jobs (2015),3.75,6
4120,Macbeth (2015),2.5,1
4121,Vacation (2015),3.42,6
4122,Creep (2014),3.0,2
4123,The Face of an Angel (2015),1.5,1
4124,Wild Horses (2015),1.0,1
4125,Search Party (2014),2.25,2
4126,The Squeeze (2015),2.0,1
4127,Careful What You Wish For (2015),1.5,1
4128,Robot Overlords (2014),1.5,1
4129,Bad Asses on the Bayou (2015),2.5,1
4130,The Eye: Infinity (2005),5.0,1
4131,Kiss me Kismet (2006),2.5,1
4132,Da geht noch was! (2013),3.5,1
4133,The Lovers (2015),1.5,1
4134,Batman v Superman: Dawn of Justice (2016),2.34,16
4135,God Loves Caviar (2012),2.0,1
4136,Amy (2015),3.5,4
4137,That Demon Within (2014),2.0,1
4138,Magic Mike XXL (2015),4.0,1
4139,The Jungle Book (2016),3.64,11
4140,Dragon Ball Z: Resurrection of F (2015),4.0,1
4141,The Man from U.N.C.L.E. (2015),3.47,18
4142,Sorrow (2015),0.5,1
4143,7 Days in Hell (2015),4.0,2
4144,The Walk (2015),3.0,2
4145,13 Hours (2016),3.3,5
4146,There Will Come a Day (2013),3.5,1
4147,The Opposite Sex (2014),1.5,1
4148,The Gallows (2015),1.5,1
4149,Tokyo Tribe (2014),5.0,1
4150,Feast (2014),3.0,1
4151,Joe Dirt 2: Beautiful Loser (2015),0.5,1
4152,Nasu: Summer in Andalusia (2003),5.0,1
4153,Dark Places (2015),2.0,1
4154,Afro Samurai (2007),2.5,1
4155,Massu Engira Maasilamani (2015),4.5,1
4156,The Revenant (2015),3.9,31
4157,Irrational Man (2015),3.0,1
4158,Exte: Hair Extensions (2007),3.0,1
4159,Ooops! Noah is Gone... (2015),5.0,1
4160,Southpaw (2015),2.83,6
4161,Sicario (2015),3.55,11
4162,Goodnight Mommy (Ich seh ich seh) (2014),3.0,1
4163,10 Cent Pistol (2015),1.25,2
4164,Before We Go (2014),3.5,1
4165,Anomalisa (2015),3.25,2
4166,Colonia (2016),1.5,1
4167,Ghost in the Shell Arise - Border 2: Ghost Whispers (2013),2.5,1
4168,How to Make Love Like an Englishman (2014),2.25,2
4169,Always Watching: A Marble Hornets Story (2015),2.0,1
4170,The Intern (2015),3.65,13
4171,Love (2015),4.5,1
4172,Room (2015),3.56,8
4173,The Runner (2015),2.0,1
4174,The Gift (2015),3.25,4
4175,The Witch (2015),4.0,1
4176,Men & Chicken (2015),4.0,1
4177,The Escort (2015),3.0,1
4178,Doctor Who: The Waters of Mars (2009),4.0,4
4179,"Family Guy Presents: Something, Something, Something, Dark Side (2009)",4.5,1
4180,"Visit, The (2015)",3.5,1
4181,Secret in Their Eyes (2015),1.5,1
4182,Jeff Ross Roasts Criminals: Live at Brazos County Jail (2015),4.0,1
4183,Battle For Sevastopol (2015),5.0,1
4184,American Ultra (2015),2.67,6
4185,Straight Outta Compton (2015),4.21,7
4186,Cop Car (2015),3.5,2
4187,The Lost Room (2006),3.5,1
4188,Tangerine (2015),4.5,1
4189,Every Secret Thing (2014),2.0,1
4190,Joy (2015),3.2,5
4191,Victor Frankenstein (2015),3.25,2
4192,Guardians (2016),2.5,1
4193,Scouts Guide to the Zombie Apocalypse (2015),3.75,2
4194,Suffragette (2015),2.5,1
4195,Fort Tilden (2014),4.0,1
4196,Turbo Kid (2015),3.5,3
4197,The Unauthorized Saved by the Bell Story (2014),3.5,1
4198,War Room (2015),0.5,1
4199,Legend (2015),3.5,2
4200,Deathgasm (2015),5.0,1
4201,The Danish Girl (2015),3.75,2
4202,Cooties (2015),3.5,1
4203,Steve Jobs: The Man in the Machine (2015),4.0,1
4204,Green Room (2015),3.33,3
4205,Beasts of No Nation (2015),3.0,2
4206,Bloodsucking Bastards (2015),5.0,1
4207,Saving Christmas (2014),0.5,1
4208,Iron Man & Hulk: Heroes United (2013),3.0,1
4209,Knock Knock (2015),1.5,1
4210,The Blue Planet (2001),4.75,2
4211,Cornered! (2009),4.5,1
4212,Demolition (2016),3.12,4
4213,Cigarette Burns (2005),3.0,1
4214,Our Brand Is Crisis (2015),2.75,2
4215,High Rise (2015),3.0,2
4216,The Night Before (2015),4.25,4
4217,Into the Forest (2015),2.0,1
4218,The Editor (2015),5.0,1
4219,Everest (2015),3.08,6
4220,The Brand New Testament (2015),4.0,2
4221,Spotlight (2015),4.16,19
4222,Pawn Sacrifice (2015),2.5,1
4223,Hardcore Henry (2015),3.75,2
4224,Burnt (2015),2.0,3
4225,Ryuzo and the Seven Henchmen (2015),4.5,1
4226,If I Were a Rich Man (2002),3.0,1
4227,Last Shift (2014),4.0,1
4228,"F*ck You, Goethe 2 (2015)",1.0,1
4229,Garam Masala (2005),4.5,1
4230,Life Eternal (2015),2.5,1
4231,Hotel Transylvania 2 (2015),2.88,4
4232,Anti-Social (2015),1.5,1
4233,Jump In! (2007),5.0,1
4234,The Little Prince (2015),2.25,2
4235,Narcopolis (2014),1.5,1
4236,Ashby (2015),3.0,2
4237,Wonder Woman (2017),3.31,13
4238,The Circle (2016),2.5,1
4239,Silence (2016),3.75,2
4240,Bridge of Spies (2015),3.44,8
4241,The Great Hypnotist (2014),4.0,1
4242,Into the Grizzly Maze (2015),1.5,1
4243,Human (2015),5.0,1
4244,Chasuke's Journey (2015),4.0,1
4245,L.A. Slasher (2015),5.0,1
4246,"Hail, Caesar! (2016)",2.81,8
4247,How To Change The World (2015),4.5,1
4248,Er ist wieder da (2015),2.83,3
4249,Just Eat It: A Food Waste Story (2014),4.0,1
4250,Bros Before Hos (2013),3.0,1
4251,Slow Learners (2015),2.0,1
4252,Unforgiven (2013),0.5,1
4253,"Sex, Drugs & Taxation (2013)",4.5,1
4254,Sky High (2003),2.0,1
4255,Confessions of a Dangerous Mind (2002),4.0,1
4256,Goosebumps (2015),2.0,2
4257,The Perfect Guy (2015),1.5,1
4258,Rock the Kasbah (2015),2.0,1
4259,Freaks of Nature (2015),4.5,1
4260,Bone Tomahawk (2015),4.5,2
4261,Extraordinary Tales (2015),2.5,1
4262,The Dressmaker (2015),3.0,1
4263,Nowitzki: The Perfect Shot (2014),3.5,1
4264,Trumbo (2015),4.0,1
4265,Our Lips Are Sealed (2000),3.5,1
4266,Concussion (2015),2.5,3
4267,"Peanuts Movie, The (2015)",1.5,1
4268,Blue Mountain State: The Rise of Thadland (2015),3.0,1
4269,The Boy and the Beast (2015),4.0,1
4270,Creed (2015),3.75,8
4271,Dragons: Gift of the Night Fury (2011),5.0,1
4272,Twinsters (2015),4.0,1
4273,Cosmic Scrat-tastrophe (2015),5.0,1
4274,Solace (2015),2.0,1
4275,Lost in the Sun (2015),2.0,1
4276,Eros (2004),4.0,1
4277,Those Happy Days (2006),3.0,1
4278,What Men Still Talk About (2011),4.0,1
4279,Doctor Who: Last Christmas (2014),3.75,2
4280,"Doctor Who: The Doctor, the Widow and the Wardrobe (2011)",4.17,3
4281,Doctor Who: A Christmas Carol (2010),4.75,2
4282,Doctor Who: Planet of the Dead (2009),3.0,4
4283,Doctor Who: The Next Doctor (2008),2.88,4
4284,Doctor Who: Voyage Of The Damned (2007),4.5,3
4285,Doctor Who: The Runaway Bride (2007),4.0,4
4286,A Perfect Day (2015),5.0,1
4287,Hitchcock/Truffaut (2015),3.5,1
4288,The 5th Wave (2016),2.5,2
4289,A Very Murray Christmas (2015),2.5,1
4290,Chi-Raq (2015),3.75,2
4291,Truth (2015),3.0,1
4292,Just Jim (2015),3.0,1
4293,"Big Short, The (2015)",3.96,26
4294,Applesauce (2015),4.5,1
4295,The Ridiculous 6 (2015),3.25,2
4296,John Mulaney: The Comeback Kid (2015),3.5,1
4297,Saw (2003),4.5,2
4298,North Pole: Open For Christmas (2015),2.0,1
4299,Mojave (2015),2.0,1
4300,Wizards of Waverly Place: The Movie (2009),4.0,1
4301,World of Tomorrow (2015),4.5,2
4302,Zoolander 2 (2016),2.5,3
4303,How to Be Single (2016),3.12,4
4304,Blue Exorcist: The Movie (2012),4.0,1
4305,He Never Died (2015),3.5,1
4306,Parasyte: Part 1 (2014),4.0,1
4307,Parasyte: Part 2 (2015),4.0,1
4308,Lumberjack Man (2015),5.0,1
4309,Daddy's Home (2015),2.67,6
4310,Sisters (2015),2.5,7
4311,'Tis the Season for Love (2015),1.5,1
4312,Kung Fu Panda 3 (2016),3.38,8
4313,Spellbound (2011),5.0,1
4314,Unicorn City (2012),5.0,1
4315,Standoff (2016),2.5,1
4316,Swelter (2014),2.0,1
4317,Pride and Prejudice and Zombies (2016),4.5,1
4318,Garm Wars: The Last Druid (2014),2.0,1
4319,The Devil's Candy (2015),2.0,1
4320,Close Range (2015),3.0,2
4321,Sherlock: The Abominable Bride (2016),3.85,10
4322,Doctor Who: The Husbands of River Song (2015),4.25,2
4323,Moonwalkers (2015),2.5,1
4324,Tomorrow (2015),4.5,1
4325,Anacleto: Agente secreto (2015),4.0,1
4326,Wiener-Dog (2016),3.0,1
4327,Ride Along 2 (2016),2.0,3
4328,Maggie's Plan (2015),2.0,1
4329,Eddie the Eagle (2016),2.83,3
4330,Exposed (2016),1.5,1
4331,Stonewall (2015),2.5,1
4332,Frankenstein (2015),2.0,1
4333,Welcome to Happiness (2015),1.5,1
4334,Risen (2016),0.5,1
4335,The Survivalist (2015),4.0,1
4336,Dirty Grandpa (2016),2.88,4
4337,Requiem for the American Dream (2015),2.5,1
4338,Death Note Rewrite: Genshisuru Kami (2007),4.0,2
4339,The Finest Hours (2016),3.0,1
4340,Ghost in the Shell: Solid State Society (2006),3.5,1
4341,Grease Live (2016),2.0,2
4342,Gods of Egypt (2016),0.5,1
4343,Embrace of the Serpent (2016),3.5,1
4344,Race (2016),1.5,1
4345,10 Cloverfield Lane (2016),3.68,14
4346,London Has Fallen (2016),2.0,2
4347,Zootopia (2016),3.89,32
4348,Whiskey Tango Foxtrot (2016),3.33,3
4349,Desierto (2016),2.5,1
4350,The Brothers Grimsby (2016),3.12,4
4351,The Wait (2015),3.5,1
4352,War and Peace (2016),3.5,1
4353,Southbound (2016),3.5,1
4354,Ip Man 3 (2015),4.0,1
4355,Santa's Little Helper (2015),1.5,1
4356,Who Killed Chea Vichea? (2010),5.0,1
4357,Hunt for the Wilderpeople (2016),4.38,4
4358,Rabbits (2002),3.5,1
4359,Genius Party (2007),3.0,1
4360,Tears for Sale (2008),4.0,1
4361,Dad's Army (2016),2.0,1
4362,The Barkley Marathons: The Race That Eats Its Young (2015),4.0,1
4363,Merci Patron ! (2016),4.0,1
4364,The Neon Demon (2016),3.0,2
4365,Fraktus (2012),4.0,1
4366,Eye in the Sky (2016),2.83,3
4367,Camino (2016),2.0,1
4368,Mr. Right (2016),3.5,3
4369,Florence Foster Jenkins (2016),4.0,1
4370,My Big Fat Greek Wedding 2 (2016),2.0,1
4371,Neon Bull (2015),3.5,1
4372,Get a Job (2016),3.25,2
4373,Keanu (2016),2.5,2
4374,Me Him Her (2015),2.0,1
4375,Ice Age: The Great Egg-Scapade (2016),5.0,1
4376,Everybody Wants Some (2016),4.17,3
4377,Sing Street (2016),3.83,3
4378,Zoom (2015),2.5,1
4379,The Huntsman Winter's War (2016),1.0,3
4380,Neighbors 2: Sorority Rising (2016),2.6,5
4381,The Trust (2016),2.5,1
4382,Hush (2016),2.67,3
4383,Jimmy Carr: Telling Jokes (2009),4.0,1
4384,Jimmy Carr: Making People Laugh (2010),2.5,1
4385,The Man Who Knew Infinity (2016),3.0,1
4386,Despite the Falling Snow (2016),2.0,1
4387,Money Monster (2016),2.25,2
4388,Barbershop: The Next Cut (2016),2.5,1
4389,Finding Dory (2016),3.58,13
4390,The Boss (2016),2.67,3
4391,The Angry Birds Movie (2016),2.5,1
4392,Bakuman (2015),4.0,1
4393,I Am Wrath (2016),1.5,1
4394,Precious Cargo (2016),1.0,1
4395,Snowden (2016),3.83,6
4396,Ratchet & Clank (2016),1.5,1
4397,Kicking Off (2016),1.5,1
4398,SORI: Voice from the Heart (2016),5.0,1
4399,Gintama: The Final Chapter - Be Forever Yorozuya (2013),3.5,1
4400,The Nice Guys (2016),3.83,15
4401,Kindergarten Cop 2 (2016),1.5,1
4402,The Crew (2016),2.5,1
4403,The Shallows (2016),2.5,1
4404,The Handmaiden (2016),2.67,3
4405,Alice Through the Looking Glass (2016),2.0,4
4406,The BFG (2016),2.5,1
4407,My Scientology Movie (2016),3.5,1
4408,Sausage Party (2016),3.64,7
4409,All Yours (2016),5.0,1
4410,Kill Command (2016),2.5,2
4411,Captain Fantastic (2016),4.5,5
4412,Toni Erdmann (2016),3.67,3
4413,The Wailing (2016),3.0,1
4414,The Meddler (2016),2.5,1
4415,Now You See Me 2 (2016),3.64,11
4416,Ali Wong: Baby Cobra (2016),4.5,1
4417,Café Society (2016),3.0,1
4418,Swiss Army Man (2016),3.25,2
4419,The Do-Over (2016),3.5,2
4420,Teenage Mutant Ninja Turtles: Out of the Shadows (2016),2.0,1
4421,The Fundamentals of Caring (2016),3.75,2
4422,Popstar: Never Stop Never Stopping (2016),2.75,2
4423,A Midsummer Night's Dream (2016),4.0,1
4424,Planet Earth (2006),4.21,7
4425,Bo Burnham: Make Happy (2016),2.5,1
4426,The Conjuring 2 (2016),2.25,2
4427,Pelé: Birth of a Legend (2016),4.5,1
4428,Ghostbusters (2016),3.12,8
4429,Central Intelligence (2016),3.62,4
4430,O.J.: Made in America (2016),4.5,1
4431,Genius (2016),3.0,1
4432,Jason Bourne (2016),2.72,9
4433,The Maid's Room (2014),1.5,1
4434,The Legend of Tarzan (2016),3.08,6
4435,The Purge: Election Year (2016),2.75,2
4436,Mike & Dave Need Wedding Dates (2016),3.33,3
4437,Ice Age: Collision Course (2016),1.0,1
4438,Lights Out (2016),3.0,2
4439,Pete's Dragon (2016),3.0,1
4440,Indignation (2016),5.0,1
4441,Goat (2016),2.5,1
4442,Marauders (2016),3.5,1
4443,Piper (2016),4.5,2
4444,The Adderall Diaries (2015),2.0,1
4445,Hazard (2005),3.0,1
4446,The Red Turtle (2016),4.5,1
4447,Satanic (2016),0.5,1
4448,Nerve (2016),2.62,4
4449,Hellevator (2004),1.0,1
4450,Sully (2016),3.17,6
4451,Jim Jefferies: Freedumb (2016),4.5,1
4452,The Infiltrator (2016),3.75,2
4453,War Dogs (2016),3.62,8
4454,Vigilante Diaries (2016),1.0,1
4455,Batman: The Killing Joke (2016),3.0,1
4456,Bad Moms (2016),3.83,3
4457,Hell or High Water (2016),3.56,8
4458,Kingsglaive: Final Fantasy XV (2016),3.5,1
4459,Don't Breathe (2016),3.3,5
4460,Body (2015),1.0,1
4461,Sharknado 4: The 4th Awakens (2016),1.5,1
4462,The Edge of Seventeen (2016),3.25,2
4463,Elle (2016),4.0,1
4464,Train to Busan (2016),3.5,1
4465,Tom Segura: Mostly Stories (2016),5.0,1
4466,The Magnificent Seven (2016),3.58,6
4467,Masterminds (2016),4.0,3
4468,Kubo and the Two Strings (2016),4.0,6
4469,Bridget Jones's Baby (2016),1.0,1
4470,Deepwater Horizon (2016),3.5,1
4471,Miss Peregrine's Home for Peculiar Children (2016),3.0,3
4472,The Girl on the Train (2016),4.5,1
4473,The Accountant (2016),3.0,6
4474,Imperium (2016),2.5,1
4475,Kizumonogatari Part 1: Tekketsu (2016),4.0,1
4476,Steins;Gate the Movie: The Burden of Déjà vu (2013),3.0,1
4477,Shin Godzilla (2016),4.0,1
4478,Your Name. (2016),4.0,3
4479,Comedy Central Roast of David Hasselhoff (2010),4.0,1
4480,DC Super Hero Girls: Hero of the Year (2016),4.0,1
4481,Hacksaw Ridge (2016),3.94,8
4482,David Cross: Making America Great Again (2016),3.0,1
4483,Over the Garden Wall (2013),2.5,1
4484,Blair Witch (2016),3.5,1
4485,31 (2016),3.5,1
4486,ARQ (2016),4.5,1
4487,Arrival (2016),3.98,26
4488,Storks (2016),4.0,2
4489,Maximum Ride (2016),4.5,1
4490,Endless Poetry (2016),3.5,1
4491,The Girl with All the Gifts (2016),5.0,1
4492,All Roads Lead to Rome (2016),1.5,1
4493,Amanda Knox (2016),3.5,1
4494,Dirty 30 (2016),2.5,1
4495,Gimme Danger (2016),2.0,1
4496,Go Figure (2005),4.0,1
4497,Anything for Love (2016),2.0,1
4498,Night Guards (2016),1.5,1
4499,La La Land (2016),3.39,9
4500,13th (2016),4.5,2
4501,London Town (2016),2.5,1
4502,Inferno (2016),2.88,4
4503,Keeping Up with the Joneses (2016),3.75,2
4504,Wild Oats (2016),2.0,1
4505,The Rocky Horror Picture Show: Let's Do the Time Warp Again (2016),1.5,1
4506,Jack Reacher: Never Go Back (2016),2.0,1
4507,Joe Rogan: Triggered (2016),4.0,1
4508,Ethel & Ernest (2016),2.5,1
4509,Flowers for Algernon (2000),2.0,1
4510,Manchester by the Sea (2016),2.9,5
4511,Lion (2016),4.5,1
4512,The Thinning (2016),1.0,1
4513,While You Were Fighting: A Thor Mockumentary (2016),3.83,3
4514,Bad Santa 2 (2016),0.5,1
4515,Ice Guardians (2016),4.5,1
4516,Risk (2016),4.0,1
4517,The True Memoirs of an International Assassin (2016),3.25,2
4518,Alesha Popovich and Tugarin the Dragon (2004),5.0,1
4519,HyperNormalisation (2016),4.0,2
4520,The African Doctor (2016),3.5,1
4521,Whiplash (2013),4.75,2
4522,Sapphire Blue (2014),4.0,1
4523,A Silent Voice (2016),4.0,2
4524,Moana (2016),3.45,10
4525,Office Christmas Party (2016),3.5,3
4526,The Space Between Us (2016),1.0,1
4527,Rogue One: A Star Wars Story (2016),3.93,27
4528,Split (2017),3.33,6
4529,Underworld: Blood Wars (2016),3.0,1
4530,Miss Sloane (2016),4.5,2
4531,Passengers (2016),3.67,6
4532,Hidden Figures (2016),3.8,10
4533,Fences (2016),3.0,1
4534,The Founder (2016),4.25,2
4535,Why Him? (2016),3.12,4
4536,Sing (2016),3.75,4
4537,I Am Not Your Negro (2017),5.0,1
4538,Assassin's Creed (2016),2.5,2
4539,A Dog's Purpose (2017),4.5,1
4540,Fist Fight (2017),4.5,1
4541,Shakespeare Behind Bars (2005),2.5,1
4542,A Street Cat Named Bob (2016),3.5,1
4543,The Lego Batman Movie (2017),3.71,7
4544,The Good Boy (2016),3.5,1
4545,"Dana Carvey: Straight White Male, 60 (2016)",4.5,1
4546,Marvel One-Shot: Agent Carter (2013),4.0,1
4547,Kizumonogatari II: Passionate Blood (2016),4.0,1
4548,Joe Rogan: Live (2006),4.0,1
4549,Jim Gaffigan: Cinco (2017),3.0,1
4550,Kizumonogatari III: Cold Blood (2017),4.5,1
4551,John Wick: Chapter Two (2017),4.14,7
4552,Get Out (2017),3.63,15
4553,Logan (2017),4.28,25
4554,Kong: Skull Island (2017),3.12,4
4555,T2: Trainspotting (2017),3.75,4
4556,The Big Sick (2017),4.0,4
4557,100 Streets (2016),2.5,1
4558,Beauty and the Beast (2017),3.5,2
4559,The Boss Baby (2017),3.8,5
4560,Mercury Plains (2016),2.0,1
4561,Call Me by Your Name (2017),3.75,4
4562,Mudbound (2017),3.0,1
4563,Ghost in the Shell (2017),3.75,2
4564,Bill Burr: Walk Your Way Out (2017),4.0,1
4565,Fifty Shades Darker (2017),1.0,1
4566,Neal Brennan: 3 Mics (2017),4.5,1
4567,Lemonade (2016),4.5,1
4568,American Fable (2017),2.5,1
4569,The Void (2016),1.5,1
4570,Buster's Mal Heart (2017),1.0,1
4571,Power Rangers (2017),3.0,1
4572,Alien: Covenant (2017),2.8,5
4573,Free Fire (2017),3.5,1
4574,Species III (2004),1.0,1
4575,Ultimate Avengers 2 (2006),2.0,1
4576,Dave Chappelle: The Age of Spin (2017),4.0,1
4577,CHiPS (2017),4.0,1
4578,Table 19 (2017),3.0,1
4579,Dave Chappelle: Deep in the Heart of Texas (2017),4.0,1
4580,Gifted (2017),4.12,4
4581,Band of Brothers (2001),4.29,7
4582,Baywatch (2017),3.0,3
4583,Snatched (2017),4.0,1
4584,The Mummy (2017),3.5,1
4585,Life-Size (2000),4.0,1
4586,The Fate of the Furious (2017),2.33,3
4587,Sandy Wexler (2017),2.0,1
4588,Betting on Zero (2016),4.0,1
4589,Win It All (2017),3.0,1
4590,Captain Underpants: The First Epic Movie (2017),3.5,1
4591,It Comes at Night (2017),3.5,1
4592,Cars 3 (2017),3.0,1
4593,Mini's First Time (2006),4.0,1
4594,Planet Earth II (2016),4.2,5
4595,The Hero (2017),4.0,1
4596,"Nobody Speak: Hulk Hogan, Gawker and Trials of a Free Press (2017)",4.0,1
4597,Robin Williams: Live on Broadway (2002),3.0,1
4598,The Death of Louis XIV (2016),3.5,1
4599,Munna bhai M.B.B.S. (2003),2.5,1
4600,The Beguiled (2017),3.0,1
4601,Baby Driver (2017),4.33,9
4602,Okja (2017),3.75,2
4603,Embassy (2013),4.0,1
4604,Rough Night (2017),3.25,2
4605,Mystère à la Tour Eiffel (2015),4.5,1
4606,Stefan Zweig: Farewell to Europe (2016),3.0,1
4607,The Prime Gig (2000),2.5,1
4608,Late Night with Conan O'Brien: The Best of Triumph the Insult Comic Dog (2004),2.0,1
4609,Get Me Roger Stone (2017),3.0,1
4610,Despicable Me 3 (2017),2.25,2
4611,Tickling Giants (2017),5.0,1
4612,A Detective Story (2003),5.0,1
4613,Final Flight of the Osiris (2003),3.5,1
4614,Kid's Story (2003),3.0,1
4615,War for the Planet of the Apes (2017),2.88,4
4616,The Square (2017),4.25,2
4617,The Meyerowitz Stories (2017),4.0,1
4618,War Machine (2017),4.0,1
4619,Tokyo Idols (2017),4.5,1
4620,Vir Das: Abroad Understanding (2017),3.5,1
4621,"Norm Macdonald: Hitler's Dog, Gossip & Trickery (2017)",2.5,1
4622,Valerian and the City of a Thousand Planets (2017),2.88,4
4623,The Gracefield Incident (2015),0.5,1
4624,Shadow World (2016),4.5,1
4625,Tiger Raid (2016),2.0,1
4626,Seven Sisters (2017),4.25,2
4627,Atomic Blonde (2017),3.0,1
4628,Empties (2007),5.0,1
4629,Goon: Last of the Enforcers (2017),4.0,1
4630,Black Mirror: White Christmas (2014),4.75,4
4631,Dunkirk (2017),3.42,13
4632,The Putin Interviews (2017),2.5,1
4633,Unedited Footage of a Bear (2014),4.0,1
4634,"Oh, Hello: On Broadway (2017)",3.5,1
4635,Good Time (2017),3.0,1
4636,The House (2017),3.5,1
4637,Logan Lucky (2017),4.5,1
4638,The Dark Tower (2017),3.5,1
4639,Annabelle: Creation (2017),4.0,1
4640,It (2017),3.33,9
4641,The Emoji Movie (2017),0.5,1
4642,Death Note (2017),1.67,3
4643,Wind River (2017),3.4,5
4644,Rory Scovel Tries Stand-Up for the First Time (2017),1.5,1
4645,Shot Caller (2017),3.5,1
4646,The Hitman's Bodyguard (2017),2.67,3
4647,Rick and Morty: State of Georgia Vs. Denver Fenton Allen (2016),2.5,1
4648,A German Life (2016),3.0,1
4649,Self-criticism of a Bourgeois Dog (2017),3.0,1
4650,LEGO DC Super Hero Girls: Brain Drain (2017),3.5,1
4651,Kingsman: The Golden Circle (2017),3.06,8
4652,Ari Shaffir: Double Negative (2017),4.0,1
4653,Blade Runner 2049 (2017),3.81,18
4654,The Nut Job 2: Nutty by Nature (2017),2.0,1
4655,Bliss (2012),4.5,1
4656,Alles Inklusive (2014),3.5,1
4657,Mother! (2017),3.25,2
4658,Icarus (2017),4.0,1
4659,Cage Dive (2017),1.0,1
4660,American Made (2017),4.5,2
4661,Little Boxes (2017),4.0,1
4662,Geostorm (2017),2.0,1
4663,Maz Jobrani: Immigrant (2017),4.5,1
4664,Sword Art Online The Movie: Ordinal Scale (2017),3.0,1
4665,"Three Billboards Outside Ebbing, Missouri (2017)",4.75,8
4666,Lady Bird (2017),3.33,3
4667,Murder on the Orient Express (2017),2.83,3
4668,Coco (2017),3.54,13
4669,"The Night Is Short, Walk on Girl (2017)",4.5,1
4670,"I, Tonya (2017)",3.33,3
4671,"Fireworks, Should We See It from the Side or the Bottom? (2017)",2.0,1
4672,Adventures in Plymptoons! (2011),3.5,1
4673,Gaga: Five Foot Two (2017),3.5,1
4674,Dave Chappelle: Killin' Them Softly (2000),4.0,1
4675,Front Cover (2016),3.5,1
4676,Paddington 2 (2017),4.25,2
4677,2048: Nowhere to Run (2017),3.5,1
4678,The Death of Stalin (2017),4.0,1
4679,Loving Vincent (2017),5.0,1
4680,Blue Planet II (2017),5.0,1
4681,Christina P: Mother Inferior (2017),3.0,2
4682,Jumanji: Welcome to the Jungle (2017),3.67,6
4683,Dane Cook: Troublemaker (2014),4.0,1
4684,Mayhem (2017),1.0,1
4685,Emerald Green (2016),4.0,1
4686,Wonder Wheel (2017),3.0,1
4687,Creep 2 (2017),1.5,1
4688,LBJ (2017),4.0,1
4689,"Roman J. Israel, Esq. (2017)",1.5,1
4690,Darkest Hour (2017),3.83,3
4691,Star Wars: The Last Jedi (2017),3.12,12
4692,A Bad Moms Christmas (2017),3.5,1
4693,The Shape of Water (2017),3.69,8
4694,Molly's Game (2017),4.0,1
4695,Wonder (2017),4.0,3
4696,Daddy's Home 2 (2017),4.0,1
4697,Jim & Andy: The Great Beyond (2017),4.5,1
4698,The Disaster Artist (2017),3.75,2
4699,The Post (2017),4.25,2
4700,Die Frauen von Ravensbrück (2005),4.5,1
4701,The Greatest Showman (2017),3.0,5
4702,Ferdinand (2017),1.5,1
4703,Jack Whitehall: At Large (2017),3.75,2
4704,Lynne Koplitz: Hormonal Beast (2017),1.5,1
4705,Phantom Thread (2017),3.5,1
4706,Too Funny to Fail: The Life and Death of The Dana Carvey Show (2017),4.5,1
4707,Craig Ferguson: Tickle Fight (2017),2.5,1
4708,The Second Renaissance Part II (2003),4.0,1
4709,Annihilation (2018),3.83,3
4710,A Christmas Story Live! (2017),2.0,1
4711,Pixel Perfect (2004),4.5,1
4712,Judd Apatow: The Return (2017),2.5,1
4713,The Purple Sea (2009),3.5,1
4714,Bright (2017),2.88,4
4715,The Commuter (2018),1.5,1
4716,Dave Chappelle: Equanimity (2017),3.5,1
4717,Quest (2017),4.0,1
4718,Dave Chappelle: The Bird Revelation (2017),3.5,1
4719,Insidious: The Last Key (2018),3.5,1
4720,Game Night (2018),4.0,1
4721,Maze Runner: The Death Cure (2018),3.5,1
4722,Isle of Dogs (2018),3.5,5
4723,The Clapper (2018),1.5,1
4724,Tom Segura: Disgraceful (2018),4.5,1
4725,When We First Met (2018),3.5,2
4726,Battle Planet (2008),2.0,1
4727,The Cloverfield Paradox (2018),2.25,2
4728,Making a Murderer (2015),4.0,1
4729,Elsa & Fred (2005),3.5,1
4730,Tomb Raider (2018),2.5,4
4731,Fullmetal Alchemist 2018 (2017),0.5,1
4732,First Reformed (2017),4.0,1
4733,Fred Armisen: Standup for Drummers (2018),3.25,2
4734,Death Wish (2018),4.0,1
4735,A Wrinkle in Time (2018),3.0,1
4736,"Love, Simon (2018)",4.0,1
4737,A Quiet Place (2018),2.75,4
4738,Alpha (2018),4.5,1
4739,I Kill Giants (2018),2.0,1
4740,Sherlock - A Study in Pink (2010),4.75,2
4741,"Game Over, Man! (2018)",3.0,1
4742,Blockers (2018),3.0,1
4743,Pacific Rim: Uprising (2018),2.75,2
4744,Rampage (2018),3.0,1
4745,Jurassic World: Fallen Kingdom (2018),3.25,2
4746,Incredibles 2 (2018),3.0,4
4747,Deadpool 2 (2018),3.88,12
4748,Solo: A Star Wars Story (2018),3.9,5
4749,Won't You Be My Neighbor? (2018),5.0,1
4750,Sorry to Bother You (2018),4.5,1
4751,Ant-Man and the Wasp (2018),3.67,3
4752,Dogman (2018),3.5,1
4753,Mamma Mia: Here We Go Again! (2018),4.5,1
4754,Tag (2018),4.0,1
4755,The Man Who Killed Don Quixote (2018),4.5,1
4756,Boundaries (2018),2.5,1
4757,Spiral (2018),3.0,1
4758,Mission: Impossible - Fallout (2018),3.75,2
4759,SuperFly (2018),2.5,1
4760,Iron Soldier (2010),1.0,1
4761,BlacKkKlansman (2018),2.5,1
4762,The Darkest Minds (2018),3.5,1
4763,Tilt (2011),1.5,1
4764,Jeff Ross Roasts the Border (2017),4.0,1
4765,John From (2015),1.0,1
4766,Liquid Truth (2017),1.5,1
4767,Hommage à Zgougou (et salut à Sabine Mamou) (2002),1.0,1
4768,Gintama (2017),4.5,1
4769,Gintama: The Movie (2010),3.5,1
4770,anohana: The Flower We Saw That Day - The Movie (2013),3.0,1
4771,Silver Spoon (2014),4.0,1
4772,Love Live! The School Idol Movie (2015),4.0,1
4773,Jon Stewart Has Left the Building (2015),3.5,1
4774,Black Butler: Book of the Atlantic (2017),4.0,1
4775,No Game No Life: Zero (2017),3.5,1
4776,Flint (2017),3.5,1
4777,Bungo Stray Dogs: Dead Apple (2018),3.5,1
